rent,beds,baths,sqft,fitness_center,air_conditioning,in_unit_washer_dryer,laundry_facilities,roof,concierge,pool,elevator,garage,borough,dishwasher,dist_transit,dist_midtown,pets_allowed,cluster_0.0,cluster_1.0,cluster_2.0,cluster_3.0,cluster_4.0,cluster_5.0,cluster_6.0,cluster_7.0,cluster_8.0,cluster_9.0,cluster_16.0
7.7437032581737535,2,1.0,6.551080335043404,0,1,1,0,0,0,0,0,1,Queens,0,0.36303035358900615,8.626895024157077,1,0,0,0,0,0,0,0,0,1,0,0
7.989560449333865,3,1.5,6.802394763324311,0,0,0,1,0,0,0,0,0,Queens,0,2.764912304348904,13.338984318590052,0,0,0,0,0,0,0,1,0,0,0,0
7.649692623711514,2,1.0,6.927557906278317,1,0,1,0,0,0,0,0,0,Queens,1,0.21266956947865945,8.304992447128955,0,0,0,0,0,0,0,0,0,1,0,0
8.070906088787819,4,1.0,7.3777589082278725,0,0,0,0,0,0,0,0,0,Queens,0,0.12076266266764418,8.404247020608027,0,0,0,0,0,0,0,0,0,1,0,0
7.824046010856292,2,1.0,6.309918278226516,0,0,0,0,0,0,0,0,0,Queens,0,0.5461831515102298,6.3090354181351955,0,0,0,0,1,0,0,0,0,0,0,0
7.170119543449628,0,1.0,6.745236349484363,0,0,0,1,0,0,0,0,0,Queens,0,1.44799812797126,9.597458105763222,1,0,0,0,0,0,0,0,0,0,1,0
8.160518247477505,3,2.0,7.272398392570047,0,0,0,0,0,0,0,0,0,Queens,0,0.25072765959304405,9.609810985616809,0,0,0,0,0,0,0,0,0,1,0,0
7.7406644019172415,3,2.0,7.1308988302963465,0,1,0,0,0,0,0,0,1,Queens,0,3.011877553353399,11.348031695089974,0,0,0,0,0,0,0,0,0,0,1,0
7.696212639346407,1,1.0,6.476972362889683,0,0,0,1,0,0,0,1,0,Queens,0,0.10427527738577556,3.393199936872011,0,0,1,0,0,0,0,0,0,0,0,0
7.649692623711514,1,1.0,6.551080335043404,0,0,0,1,0,0,0,1,0,Queens,0,0.10427527738577556,3.393199936872011,0,0,1,0,0,0,0,0,0,0,0,0
8.318742252692399,1,1.0,6.616065185132817,0,0,0,0,0,0,0,0,0,Queens,0,0.12905908374297925,1.9675595783433932,0,0,1,0,0,0,0,0,0,0,0,0
7.5883236773352225,1,1.0,6.907755278982137,0,0,0,1,0,0,0,0,0,Queens,1,0.47537983123609795,7.573881712600079,0,0,0,0,0,0,0,0,0,1,0,0
7.762170607138205,2,1.0,6.802394763324311,0,0,0,0,0,0,0,0,0,Queens,0,0.5245958787411876,2.9199910250456864,0,0,1,0,0,0,0,0,0,0,0,0
7.8407064517494,1,1.0,6.51471269087253,1,1,0,1,1,0,0,1,1,Queens,1,0.07374509348265916,10.145416831070028,1,0,0,0,0,0,0,0,0,1,0,0
7.850103545175582,2,2.0,6.897704943128636,1,1,0,1,1,0,0,1,1,Queens,1,0.07374509348265916,10.145416831070028,1,0,0,0,0,0,0,0,0,1,0,0
7.613818684808629,0,1.0,6.163314804034641,1,1,0,1,1,0,0,1,1,Queens,1,0.07374509348265916,10.145416831070028,1,0,0,0,0,0,0,0,0,1,0,0
7.549609165154532,2,1.0,6.684611727667927,0,0,0,0,0,0,0,0,0,Queens,0,0.6427054464747423,8.217675187203671,0,0,0,0,0,0,0,0,0,0,1,0
8.242756345714477,3,2.0,7.495541943884256,0,0,0,0,0,0,0,0,0,Queens,0,0.4996216832380565,7.135365460725138,0,0,0,0,0,0,0,0,0,1,0,0
7.649692623711514,1,1.0,6.727431724850855,0,0,0,0,0,0,0,0,0,Queens,0,0.09739415562408456,8.254927249923652,0,0,0,0,0,0,0,0,0,1,0,0
7.7406644019172415,2,1.5,6.684611727667927,0,0,1,0,0,0,0,0,0,Queens,0,1.2218316538010718,9.565400211530989,0,0,0,0,0,0,0,0,0,0,1,0
7.45298232946546,1,1.0,6.620073206530356,0,0,0,1,0,0,0,1,0,Queens,1,0.27198706859868094,9.519539131725665,1,0,0,0,0,0,0,0,0,1,0,0
8.039157390473237,4,2.0,7.047517221357296,0,0,0,0,0,0,0,0,1,Queens,0,0.3680093132767699,4.579076003340039,0,0,1,0,0,0,0,0,0,0,0,0
8.039157390473237,4,2.0,7.090076835776092,0,0,0,0,0,0,0,0,1,Queens,0,0.3680093132767699,4.579076003340039,0,0,1,0,0,0,0,0,0,0,0,0
8.234830280442056,1,1.0,6.511745329644728,0,1,1,0,1,0,0,0,1,Queens,1,0.20846296530519862,1.681957301447969,1,0,1,0,0,0,0,0,0,0,0,0
8.266421472984554,1,1.0,6.522092798170152,0,1,1,0,1,0,0,0,1,Queens,1,0.20846296530519862,1.681957301447969,1,0,1,0,0,0,0,0,0,0,0,0
8.273846932784508,1,1.0,6.406879986069314,0,1,1,0,1,0,0,0,1,Queens,1,0.20846296530519862,1.681957301447969,1,0,1,0,0,0,0,0,0,0,0,0
8.319351822964245,1,1.0,6.57507584059962,0,1,1,0,1,0,0,0,1,Queens,1,0.20846296530519862,1.681957301447969,1,0,1,0,0,0,0,0,0,0,0,0
8.273208974230176,1,1.0,6.54534966033442,0,1,1,0,1,0,0,0,1,Queens,1,0.20846296530519862,1.681957301447969,1,0,1,0,0,0,0,0,0,0,0,0
8.330381569349418,1,1.0,6.597145701886651,0,1,1,0,1,0,0,0,1,Queens,1,0.20846296530519862,1.681957301447969,1,0,1,0,0,0,0,0,0,0,0,0
8.367532416861831,1,1.0,6.579251212010101,0,1,1,0,1,0,0,0,1,Queens,1,0.20846296530519862,1.681957301447969,1,0,1,0,0,0,0,0,0,0,0,0
8.258422462458876,1,1.0,6.480044561926653,0,1,1,0,1,0,0,0,1,Queens,1,0.20846296530519862,1.681957301447969,1,0,1,0,0,0,0,0,0,0,0,0
8.296297112642508,1,1.0,6.553933404025811,0,1,1,0,1,0,0,0,1,Queens,1,0.20846296530519862,1.681957301447969,1,0,1,0,0,0,0,0,0,0,0,0
8.301025253838453,1,1.0,6.559615237493242,0,1,1,0,1,0,0,0,1,Queens,1,0.20846296530519862,1.681957301447969,1,0,1,0,0,0,0,0,0,0,0,0
8.365206834418355,1,1.0,6.559615237493242,0,1,1,0,1,0,0,0,1,Queens,1,0.20846296530519862,1.681957301447969,1,0,1,0,0,0,0,0,0,0,0,0
8.31090675716845,1,1.0,6.576469569048224,0,1,1,0,1,0,0,0,1,Queens,1,0.20846296530519862,1.681957301447969,1,0,1,0,0,0,0,0,0,0,0,0
8.349957272040324,1,1.0,6.6240652277998935,0,1,1,0,1,0,0,0,1,Queens,1,0.20846296530519862,1.681957301447969,1,0,1,0,0,0,0,0,0,0,0,0
8.280204233279974,1,1.0,6.670766320845874,0,1,1,0,1,0,0,0,1,Queens,1,0.20846296530519862,1.681957301447969,1,0,1,0,0,0,0,0,0,0,0,0
8.29529885950246,1,1.0,6.516193076042964,0,1,1,0,1,0,0,0,1,Queens,1,0.20846296530519862,1.681957301447969,1,0,1,0,0,0,0,0,0,0,0,0
8.39049553837028,1,1.0,6.53813982376767,0,1,1,0,1,0,0,0,1,Queens,1,0.20846296530519862,1.681957301447969,1,0,1,0,0,0,0,0,0,0,0,0
8.249313746260636,1,1.0,6.52795791762255,0,1,1,0,1,0,0,0,1,Queens,1,0.20846296530519862,1.681957301447969,1,0,1,0,0,0,0,0,0,0,0,0
8.340456012916183,1,1.0,6.621405651764134,0,1,1,0,1,0,0,0,1,Queens,1,0.20846296530519862,1.681957301447969,1,0,1,0,0,0,0,0,0,0,0,0
8.609772372709331,2,2.0,6.920671504248683,0,1,1,0,1,0,0,0,1,Queens,1,0.20846296530519862,1.681957301447969,1,0,1,0,0,0,0,0,0,0,0,0
8.67060073804555,2,2.0,7.104144092987527,0,1,1,0,1,0,0,0,1,Queens,1,0.20846296530519862,1.681957301447969,1,0,1,0,0,0,0,0,0,0,0,0
8.583542571957771,2,2.0,6.9167150203536085,0,1,1,0,1,0,0,0,1,Queens,1,0.20846296530519862,1.681957301447969,1,0,1,0,0,0,0,0,0,0,0,0
8.533066540572527,2,2.0,6.92461239604856,0,1,1,0,1,0,0,0,1,Queens,1,0.20846296530519862,1.681957301447969,1,0,1,0,0,0,0,0,0,0,0,0
8.578852571802965,2,2.0,6.9975959829819265,0,1,1,0,1,0,0,0,1,Queens,1,0.20846296530519862,1.681957301447969,1,0,1,0,0,0,0,0,0,0,0,0
8.642944396721798,2,2.0,7.029087564149662,0,1,1,0,1,0,0,0,1,Queens,1,0.20846296530519862,1.681957301447969,1,0,1,0,0,0,0,0,0,0,0,0
8.606302366488013,2,2.0,6.9440872082295275,0,1,1,0,1,0,0,0,1,Queens,1,0.20846296530519862,1.681957301447969,1,0,1,0,0,0,0,0,0,0,0,0
8.68270762989381,2,2.0,7.02108396428914,0,1,1,0,1,0,0,0,1,Queens,1,0.20846296530519862,1.681957301447969,1,0,1,0,0,0,0,0,0,0,0,0
8.691986481789401,2,2.0,7.138073034044347,0,1,1,0,1,0,0,0,1,Queens,1,0.20846296530519862,1.681957301447969,1,0,1,0,0,0,0,0,0,0,0,0
8.70167907103957,2,2.0,7.170888478512505,0,1,1,0,1,0,0,0,1,Queens,1,0.20846296530519862,1.681957301447969,1,0,1,0,0,0,0,0,0,0,0,0
8.455955881945048,0,1.0,6.597145701886651,0,1,1,0,1,0,0,0,1,Queens,1,0.20846296530519862,1.681957301447969,1,0,1,0,0,0,0,0,0,0,0,0
8.517193191416238,0,1.0,6.664409020350408,0,1,1,0,1,0,0,0,1,Queens,1,0.20846296530519862,1.681957301447969,1,0,1,0,0,0,0,0,0,0,0,0
8.442900586834382,0,1.0,6.576469569048224,0,1,1,0,1,0,0,0,1,Queens,1,0.20846296530519862,1.681957301447969,1,0,1,0,0,0,0,0,0,0,0,0
7.984462732262196,0,1.0,6.131226489483141,0,1,1,0,1,0,0,0,1,Queens,1,0.20846296530519862,1.681957301447969,1,0,1,0,0,0,0,0,0,0,0,0
7.97349996402463,0,1.0,6.175867270105761,0,1,1,0,1,0,0,0,1,Queens,1,0.20846296530519862,1.681957301447969,1,0,1,0,0,0,0,0,0,0,0,0
8.079927770758275,0,1.0,6.263398262591624,0,1,1,0,1,0,0,0,1,Queens,1,0.20846296530519862,1.681957301447969,1,0,1,0,0,0,0,0,0,0,0,0
8.022896869601457,0,1.0,6.297109319933935,0,1,1,0,1,0,0,0,1,Queens,1,0.20846296530519862,1.681957301447969,1,0,1,0,0,0,0,0,0,0,0,0
8.08794755464267,0,1.0,6.20050917404269,0,1,1,0,1,0,0,0,1,Queens,1,0.20846296530519862,1.681957301447969,1,0,1,0,0,0,0,0,0,0,0,0
7.549609165154532,2,1.0,6.684611727667927,0,0,0,0,0,0,0,0,0,Queens,0,0.3612175925015524,6.130955097882303,0,0,0,0,1,0,0,0,0,0,0,0
7.718685495198466,1,1.0,6.684611727667927,0,1,0,1,0,0,0,0,0,Queens,1,0.40775256733719617,3.0603153827823286,1,0,1,0,0,0,0,0,0,0,0,0
7.495541943884256,1,1.0,6.684611727667927,0,0,0,0,0,0,0,0,0,Queens,0,1.1191641780315456,6.10306163250918,0,0,0,1,0,0,0,0,0,0,0,0
7.707512194600341,1,1.0,6.409352175214703,0,1,0,1,0,0,1,1,1,Queens,1,3.089812058195306,11.157390886015634,0,0,0,0,0,0,0,0,0,0,1,0
7.751475318021456,1,1.0,6.584791392385716,0,1,0,1,0,0,1,1,1,Queens,1,3.089812058195306,11.157390886015634,0,0,0,0,0,0,0,0,0,0,1,0
7.843848638152472,2,1.0,6.759835148905514,0,1,0,1,0,0,1,1,1,Queens,1,3.089812058195306,11.157390886015634,0,0,0,0,0,0,0,0,0,0,1,0
8.294049640102028,4,2.0,7.27931883541462,0,0,0,1,0,0,0,0,0,Queens,1,0.35460589001300286,5.884589763688087,1,0,0,0,1,0,0,0,0,0,0,0
8.006367567650246,4,1.0,6.907755278982137,0,0,0,1,0,0,0,0,0,Queens,0,0.32947189182390774,6.7073940171252096,0,0,0,1,0,0,0,0,0,0,0,0
7.7406644019172415,1,1.0,6.551080335043404,0,1,1,0,0,0,0,1,0,Queens,1,0.6311515811777919,3.3266694186950296,1,0,1,0,0,0,0,0,0,0,0,0
7.783224016336037,1,1.0,6.551080335043404,0,1,1,0,0,0,0,1,0,Queens,1,0.6311515811777919,3.3266694186950296,1,0,1,0,0,0,0,0,0,0,0,0
7.783224016336037,2,1.0,6.684611727667927,0,0,0,0,0,0,0,0,1,Queens,0,0.4478584579791776,4.5125976709584394,0,0,1,0,0,0,0,0,0,0,0,0
8.294049640102028,2,1.0,6.461468176353717,1,0,1,0,0,0,0,0,0,Queens,1,0.2249466525407884,14.709098283159495,0,0,0,0,0,0,0,0,1,0,0,0
7.6251071482389,1,1.0,6.551080335043404,0,0,0,0,0,0,0,0,0,Queens,0,0.05474731290553223,10.558396939801598,0,0,0,0,0,0,0,0,0,1,0,0
7.4377951216719325,0,1.0,6.125776884715576,0,0,0,0,0,0,0,0,0,Queens,0,0.05474731290553223,10.558396939801598,0,0,0,0,0,0,0,0,0,1,0,0
7.761744984658913,2,2.0,6.907755278982137,0,0,0,0,0,0,0,0,0,Queens,0,0.05474731290553223,10.558396939801598,0,0,0,0,0,0,0,0,0,1,0,0
7.891704659330107,3,1.0,6.907755278982137,0,0,0,0,0,0,0,0,0,Queens,0,0.12999334430083753,3.953725883462652,1,0,1,0,0,0,0,0,0,0,0,0
7.580699752224563,1,1.0,6.586171654854675,0,0,0,0,0,0,0,1,0,Queens,0,0.2548667249844413,9.584462223590602,1,0,0,0,0,0,0,0,0,1,0,0
7.8434564043761155,3,2.0,7.047517221357296,0,0,0,0,0,0,0,0,0,Queens,0,1.3375946573354003,9.677354899048872,0,0,0,0,0,0,0,0,0,0,1,0
8.1886891244442,2,1.0,6.907755278982137,0,1,0,0,0,0,0,0,1,Queens,0,0.24716892655585024,4.425332613576934,0,0,1,0,0,0,0,0,0,0,0,0
7.408530566894626,0,1.0,6.214608098422191,0,0,0,1,0,0,0,1,0,Queens,1,0.20946464447111604,9.455553746699083,1,0,0,0,0,0,0,0,0,1,0,0
7.955074273262696,1,1.0,6.595780513961311,0,0,0,0,0,0,0,0,0,Queens,0,0.36722017281399366,7.917225694927588,0,0,0,0,0,0,0,0,0,0,1,0
8.006367567650246,3,1.0,6.907755278982137,0,0,0,0,0,0,0,0,0,Queens,1,0.17666720072448533,3.5792606531732103,0,0,1,0,0,0,0,0,0,0,0,0
7.919356190660617,1,1.0,6.551080335043404,0,0,0,0,0,0,0,0,0,Queens,1,0.17666720072448533,3.5792606531732103,0,0,1,0,0,0,0,0,0,0,0,0
8.281470857895167,3,3.0,7.592870287844818,0,0,0,0,0,0,0,0,0,Queens,0,4.413801153819329,12.737125499525085,0,1,0,0,0,0,0,0,0,0,0,0
7.660585461703256,3,1.0,6.906754778648554,0,0,0,0,0,0,0,0,0,Queens,0,0.7455234594768123,4.874410730295863,1,0,0,0,1,0,0,0,0,0,0,0
7.919356190660617,2,1.0,6.684611727667927,0,0,0,0,0,0,0,0,0,Queens,1,0.506245277559645,4.25632490362682,0,0,1,0,0,0,0,0,0,0,0,0
7.781138509845015,1,1.0,7.090076835776092,0,0,0,1,0,0,0,0,0,Queens,1,0.33998776394032465,5.971284884239983,1,0,0,0,1,0,0,0,0,0,0,0
7.495541943884256,1,1.0,6.453624998892692,0,0,0,0,0,0,0,0,0,Queens,0,0.6771903248585095,8.447047745952478,0,0,0,0,0,0,0,0,0,1,0,0
8.070906088787819,3,1.0,6.802394763324311,0,1,0,0,0,0,0,0,0,Queens,1,0.1619205792339885,3.462299759349443,0,0,1,0,0,0,0,0,0,0,0,0
7.762170607138205,1,1.0,6.551080335043404,0,1,0,1,0,0,0,0,0,Queens,1,0.3334756090452537,3.3162172841278967,1,0,1,0,0,0,0,0,0,0,0,0
7.783224016336037,2,1.0,6.956545443151569,0,1,0,0,0,0,0,0,0,Queens,1,1.1810152509596512,10.85421217716966,0,0,0,0,0,0,0,0,0,1,0,0
7.600902459542082,1,1.0,7.102499355774649,0,0,0,0,0,0,0,0,0,Queens,0,1.2567680477777337,11.297504420744852,0,0,0,0,0,1,0,0,0,0,0,0
7.882314918980268,2,1.0,6.684611727667927,0,1,0,0,0,0,0,0,0,Queens,1,0.20419707125145733,3.5238062795032348,0,0,1,0,0,0,0,0,0,0,0,0
7.7406644019172415,1,1.0,6.51471269087253,0,1,0,1,0,0,0,0,0,Queens,1,0.5443370084645831,3.4707623871478903,1,0,1,0,0,0,0,0,0,0,0,0
7.822044008185619,2,1.0,6.684611727667927,0,1,0,1,0,0,0,1,0,Queens,0,0.2355280907371088,3.1403459947532832,1,0,1,0,0,0,0,0,0,0,0,0
7.695757990554761,1,1.0,6.802394763324311,0,1,0,0,0,0,0,0,0,Queens,0,0.2572046969340478,5.620289105339984,0,0,0,0,1,0,0,0,0,0,0,0
7.823645930834952,2,1.0,6.942156705699469,0,1,0,0,0,0,0,0,0,Queens,0,0.2572046969340478,5.620289105339984,0,0,0,0,1,0,0,0,0,0,0,0
7.4377951216719325,0,1.0,6.391917113392602,0,1,0,0,0,0,0,0,0,Queens,0,0.2572046969340478,5.620289105339984,0,0,0,0,1,0,0,0,0,0,0,0
7.824046010856292,2,1.0,6.802394763324311,0,0,0,0,0,0,0,0,0,Queens,0,0.4756264012744687,4.184345733256996,1,0,1,0,0,0,0,0,0,0,0,0
7.762170607138205,2,1.0,6.551080335043404,0,0,0,0,0,0,0,0,0,Queens,0,0.5880887402612378,9.614362631459889,1,0,0,0,0,0,0,0,0,1,0,0
7.824046010856292,3,1.0,6.956545443151569,0,0,0,0,0,0,0,0,0,Queens,0,0.29230441694436116,4.552292110182947,0,0,1,0,0,0,0,0,0,0,0,0
7.600902459542082,2,1.0,6.684611727667927,0,1,0,1,0,0,0,1,0,Queens,0,0.4041126925727636,3.4596811953247855,0,0,1,0,0,0,0,0,0,0,0,0
7.4673710669175595,1,1.0,6.586171654854675,0,0,0,0,0,0,0,0,0,Queens,0,0.5846373480232845,5.626494838149032,0,0,0,1,0,0,0,0,0,0,0,0
7.313220387090301,0,1.0,6.214608098422191,0,1,0,0,0,0,0,0,0,Queens,0,0.7272371831866142,10.141913347169705,0,0,0,0,0,0,0,0,0,1,0,0
7.90100705199242,3,1.0,7.313220387090301,0,0,0,0,0,0,0,0,0,Queens,0,1.301539556963332,12.334530016690785,0,0,0,0,0,0,0,1,0,0,0,0
8.070906088787819,2,2.0,6.684611727667927,0,0,0,1,0,0,0,1,0,Queens,1,0.28404290562787876,3.1634512897700477,0,0,1,0,0,0,0,0,0,0,0,0
7.6004023345004,2,1.0,6.551080335043404,0,0,0,0,0,0,0,0,0,Queens,0,0.31929581776804755,3.286091602331781,1,0,1,0,0,0,0,0,0,0,0,0
7.937374696163295,3,2.0,7.090076835776092,0,0,0,0,0,0,0,0,0,Queens,0,0.6887351429334966,10.376130694637256,0,0,0,0,0,0,0,0,0,1,0,0
7.53955882930103,0,0.0,6.369900982828227,1,1,0,1,1,1,0,1,1,Queens,1,0.15415078477499589,10.231391823198077,1,0,0,0,0,0,0,0,0,1,0,0
7.90100705199242,1,1.0,6.542471960506805,1,1,0,1,1,1,0,1,1,Queens,1,0.15415078477499589,10.231391823198077,1,0,0,0,0,0,0,0,0,1,0,0
7.600902459542082,0,0.0,6.326149473155099,1,1,0,1,1,1,0,1,1,Queens,1,0.15415078477499589,10.231391823198077,1,0,0,0,0,0,0,0,0,1,0,0
7.666690200080086,1,1.0,6.542471960506805,1,1,0,1,1,1,0,1,1,Queens,1,0.15415078477499589,10.231391823198077,1,0,0,0,0,0,0,0,0,1,0,0
7.523481312573497,0,0.0,6.369900982828227,1,1,0,1,1,1,0,1,1,Queens,1,0.15415078477499589,10.231391823198077,1,0,0,0,0,0,0,0,0,1,0,0
7.933796874815411,2,2.0,6.946975992135418,1,1,0,1,1,1,0,1,1,Queens,1,0.15415078477499589,10.231391823198077,1,0,0,0,0,0,0,0,0,1,0,0
7.649692623711514,2,1.0,6.551080335043404,0,0,0,0,0,0,0,0,0,Queens,0,0.2989960759213808,11.352083388822285,0,0,0,0,0,0,0,0,0,1,0,0
7.762170607138205,1,1.0,6.396929655216146,0,0,0,0,0,0,0,0,0,Queens,1,0.10372577837709172,3.4900738637524165,0,0,1,0,0,0,0,0,0,0,0,0
7.824046010856292,2,1.0,6.802394763324311,0,0,1,0,0,0,0,0,0,Queens,1,2.126088943960905,9.105111612712196,1,0,0,0,0,0,0,0,0,0,1,0
7.549609165154532,1,1.0,6.907755278982137,1,0,1,0,0,0,0,0,0,Queens,1,0.8244177431195467,11.722606571453055,0,0,0,0,0,0,0,1,0,0,0,0
7.43543801981455,0,1.0,6.214608098422191,0,0,0,0,0,0,0,0,0,Queens,0,0.7947509682335754,9.507965337101853,0,0,0,0,0,0,0,0,0,1,0,0
7.824046010856292,3,1.0,7.1891677384203225,0,0,0,0,0,0,0,0,0,Queens,0,0.4203248872446527,4.513773725515443,0,0,1,0,0,0,0,0,0,0,0,0
8.006367567650246,3,2.0,7.24422751560335,0,0,0,0,0,0,0,0,0,Queens,0,0.24027932117943887,8.117131564053203,0,0,0,0,0,0,0,0,0,1,0,0
7.52294091807237,1,1.0,6.476972362889683,0,0,0,1,0,0,0,0,0,Queens,0,0.06832121695332502,3.5865069523407063,1,0,1,0,0,0,0,0,0,0,0,0
7.824046010856292,1,1.0,6.551080335043404,0,1,0,1,0,0,0,0,0,Queens,0,0.6234333075038068,3.34320473480673,0,0,1,0,0,0,0,0,0,0,0,0
7.783224016336037,1,1.0,6.551080335043404,0,1,0,1,0,0,0,0,0,Queens,0,0.6234333075038068,3.34320473480673,0,0,1,0,0,0,0,0,0,0,0,0
7.783224016336037,3,1.0,6.906754778648554,0,0,0,0,0,0,0,0,0,Queens,0,0.37603325767749574,5.081084605806846,1,0,0,0,1,0,0,0,0,0,0,0
8.160518247477505,2,2.0,7.200424892944957,1,1,0,1,0,0,0,1,1,Queens,1,0.017341218455518857,10.971250287518036,0,0,0,0,0,0,0,0,0,1,0,0
7.7406644019172415,1,1.0,6.410174881966167,1,1,0,1,0,0,0,1,1,Queens,1,0.017341218455518857,10.971250287518036,0,0,0,0,0,0,0,0,0,1,0,0
7.718685495198466,1,1.0,6.371611847231857,1,1,0,1,0,0,0,1,1,Queens,1,0.017341218455518857,10.971250287518036,0,0,0,0,0,0,0,0,0,1,0,0
7.989560449333865,2,2.0,6.814542897259958,1,1,0,1,0,0,0,1,1,Queens,1,0.017341218455518857,10.971250287518036,0,0,0,0,0,0,0,0,0,1,0,0
7.783224016336037,2,1.0,6.684611727667927,0,0,0,0,0,0,0,0,0,Queens,0,0.45933731315330145,4.353550180054776,0,0,1,0,0,0,0,0,0,0,0,0
7.9724660159745655,4,1.0,7.090076835776092,0,0,0,0,0,0,0,0,0,Queens,0,0.33388465411107,14.731173859858332,0,0,0,0,0,0,0,0,1,0,0,0
7.600902459542082,2,1.0,6.684611727667927,0,0,0,0,0,0,0,0,0,Queens,0,0.20905029354132534,8.927067996448454,0,0,0,0,0,0,0,0,0,1,0,0
7.8632667240095735,1,1.0,6.551080335043404,0,1,0,1,0,0,0,0,0,Queens,1,0.39534308024902504,3.628723814714174,1,0,1,0,0,0,0,0,0,0,0,0
8.055157731819678,2,1.0,6.745236349484363,0,0,1,0,0,0,0,0,0,Queens,1,0.3622742342956169,3.8930067616338544,1,0,1,0,0,0,0,0,0,0,0,0
7.549609165154532,2,1.0,7.277247726631484,0,0,0,0,0,0,0,0,0,Queens,0,2.982401021309964,13.060272027097744,0,0,0,0,0,1,0,0,0,0,0,0
8.131530710604252,2,1.0,6.745236349484363,0,0,0,0,0,0,0,0,0,Queens,1,0.23713622157506195,4.494335238894374,0,0,1,0,0,0,0,0,0,0,0,0
7.762170607138205,1,1.0,6.551080335043404,0,0,0,1,0,0,0,0,0,Queens,1,0.09576106316923001,3.498601246137611,1,0,1,0,0,0,0,0,0,0,0,0
7.803843303538772,2,2.0,7.003065458786462,1,1,1,0,0,0,0,0,0,Queens,1,0.0243647863477386,7.213601650892634,1,0,0,0,1,0,0,0,0,0,0,0
8.070906088787819,2,2.0,6.684611727667927,0,1,0,1,0,0,0,1,0,Queens,1,0.2903043875768104,3.268004698018213,0,0,1,0,0,0,0,0,0,0,0,0
8.039157390473237,2,2.0,6.745236349484363,0,1,0,0,0,0,0,0,0,Queens,1,0.15645379874178272,3.7253397175890886,0,0,1,0,0,0,0,0,0,0,0,0
7.919356190660617,3,2.0,7.313220387090301,0,1,0,0,0,0,0,0,0,Queens,1,2.881898186208719,10.873943019032641,0,0,0,0,0,0,0,0,0,0,1,0
7.4673710669175595,1,1.0,6.620073206530356,0,0,0,0,0,0,0,0,0,Queens,0,0.09763824318281714,6.850127896862896,0,0,0,0,1,0,0,0,0,0,0,0
7.423568444259167,1,1.0,6.620073206530356,0,0,0,1,0,0,0,0,0,Queens,1,0.26402053906782286,9.518527241373599,1,0,0,0,0,0,0,0,0,1,0,0
7.226209010100671,1,1.0,7.226209010100671,0,1,0,1,0,0,0,0,0,Queens,0,1.0837107092752565,9.408164595624923,0,0,0,0,0,0,0,0,0,0,1,0
7.43543801981455,1,1.0,6.476972362889683,0,0,0,0,0,0,0,0,0,Queens,0,3.9924111162498357,14.6576945390858,0,0,0,0,0,1,0,0,0,0,0,0
7.8632667240095735,2,1.0,6.759835148905514,0,1,0,1,0,0,0,1,0,Queens,1,0.19667427894955808,8.243318038056165,0,0,0,0,0,0,0,0,0,0,1,0
7.598399329323964,1,1.0,6.684611727667927,0,0,0,1,0,0,0,1,0,Queens,0,0.2963208056374416,8.62712218492708,0,0,0,0,0,0,0,0,0,0,1,0
7.3777589082278725,1,1.0,6.907755278982137,0,0,0,0,0,0,0,0,0,Queens,0,0.846564435560265,6.61116805838005,0,0,0,0,1,0,0,0,0,0,0,0
7.9724660159745655,2,1.0,6.802394763324311,0,0,0,0,0,0,0,0,0,Queens,0,0.18351290317703772,4.22935702066338,0,0,1,0,0,0,0,0,0,0,0,0
7.7406644019172415,3,1.0,6.906754778648554,0,0,0,0,0,0,0,0,0,Queens,0,0.028835657954964587,5.7901249299235875,1,0,0,0,1,0,0,0,0,0,0,0
7.546974117516527,2,1.0,6.476972362889683,0,0,0,0,0,0,0,0,0,Queens,0,0.7192475152754286,6.468103365018696,0,0,0,0,1,0,0,0,0,0,0,0
7.937374696163295,3,1.0,7.2078598714324755,0,0,0,0,0,0,0,0,0,Queens,0,0.4431471071352435,3.9712092409962607,1,0,1,0,0,0,0,0,0,0,0,0
7.937374696163295,3,1.0,7.003065458786462,0,0,0,0,0,0,0,0,0,Queens,0,0.4431471071352435,3.9712092409962607,1,0,1,0,0,0,0,0,0,0,0,0
7.989560449333865,3,2.0,7.1308988302963465,0,1,0,0,0,0,0,0,0,Queens,1,2.9706619262034635,13.325192494942,0,0,0,0,0,1,0,0,0,0,0,0
7.726212650507529,2,1.0,6.684611727667927,0,1,0,1,0,0,0,0,0,Queens,0,0.10851323948054886,5.943271706168823,1,0,0,0,1,0,0,0,0,0,0,0
7.783224016336037,1,1.0,6.396929655216146,1,0,0,1,0,0,0,1,1,Queens,1,1.1576618818566857,9.347873173286391,1,0,0,0,0,0,0,0,0,1,0,0
7.824046010856292,2,2.0,7.003065458786462,0,1,0,0,0,0,0,0,0,Queens,0,0.31997303399573923,6.805448656180863,0,0,0,0,1,0,0,0,0,0,0,0
8.1886891244442,2,2.0,6.745236349484363,1,1,0,0,1,0,0,1,0,Queens,1,0.10893974712405442,3.793267229859925,0,0,1,0,0,0,0,0,0,0,0,0
7.8632667240095735,1,1.0,6.309918278226516,1,1,0,0,1,0,0,1,0,Queens,1,0.10893974712405442,3.793267229859925,0,0,1,0,0,0,0,0,0,0,0,0
7.90100705199242,1,1.0,6.309918278226516,1,1,0,0,1,0,0,1,0,Queens,1,0.10893974712405442,3.793267229859925,0,0,1,0,0,0,0,0,0,0,0,0
8.584851839890053,3,2.0,7.313220387090301,1,1,0,0,1,0,0,1,0,Queens,1,0.10893974712405442,3.793267229859925,0,0,1,0,0,0,0,0,0,0,0,0
7.700747794511798,3,2.0,7.003065458786462,0,0,0,0,0,0,0,0,0,Queens,1,0.1680680342188199,14.6120561840308,1,0,0,0,0,0,0,0,1,0,0,0
7.649692623711514,2,1.0,6.907755278982137,0,0,0,0,0,0,0,0,0,Queens,1,0.1414003857179017,3.9977994769858975,1,0,1,0,0,0,0,0,0,0,0,0
8.006367567650246,1,1.0,6.551080335043404,0,1,0,1,0,0,0,1,0,Queens,1,0.10120064736873371,3.750026804623285,1,0,1,0,0,0,0,0,0,0,0,0
8.101677747454572,3,1.5,7.003065458786462,0,1,0,1,0,0,0,1,0,Queens,1,0.10120064736873371,3.750026804623285,1,0,1,0,0,0,0,0,0,0,0,0
7.408530566894626,1,1.0,7.090076835776092,0,0,0,1,0,0,0,0,0,Queens,0,0.9503660680996396,6.774235679186225,0,0,0,0,1,0,0,0,0,0,0,0
7.928406026180535,2,1.0,6.745236349484363,0,0,0,1,0,0,0,1,0,Queens,0,0.6618699398977776,3.4616534191750095,0,0,1,0,0,0,0,0,0,0,0,0
7.937374696163295,1,1.0,6.478509642208569,0,0,0,1,0,0,0,1,0,Queens,0,0.6618699398977776,3.4616534191750095,0,0,1,0,0,0,0,0,0,0,0,0
8.215817791832453,3,1.5,7.090076835776092,0,1,0,1,0,0,0,0,0,Queens,1,0.37198776292113234,4.7935744721495865,1,0,0,0,1,0,0,0,0,0,0,0
7.824046010856292,3,2.0,6.907755278982137,0,0,0,0,0,0,0,0,0,Queens,0,0.16655734527137464,10.63513397929206,0,0,0,0,0,0,0,0,0,1,0,0
7.783224016336037,2,1.0,6.551080335043404,0,1,0,1,0,0,0,1,0,Queens,0,0.06588694979179224,4.958887262735378,0,0,0,1,0,0,0,0,0,0,0,0
8.294049640102028,3,2.0,7.24422751560335,0,0,0,0,0,0,0,0,0,Queens,0,0.3386378324081457,3.448368163755836,0,0,1,0,0,0,0,0,0,0,0,0
7.7406644019172415,2,1.0,6.684611727667927,0,0,0,0,0,0,0,0,0,Queens,0,0.07703630582132232,4.290282254195515,0,0,1,0,0,0,0,0,0,0,0,0
7.5883236773352225,2,1.0,6.907755278982137,0,0,0,0,0,0,0,0,0,Queens,0,0.5568731737636397,6.185478864483137,1,0,0,0,1,0,0,0,0,0,0,0
7.803843303538772,2,2.0,6.902742737158593,0,0,0,0,0,0,0,0,0,Queens,0,0.4088169219185135,8.641689705470167,0,0,0,0,0,0,0,0,0,1,0,0
7.937374696163295,2,1.0,6.907755278982137,0,0,0,0,0,0,0,0,0,Queens,0,0.3221773183473863,5.3602463543548895,0,0,0,1,0,0,0,0,0,0,0,0
7.803843303538772,2,2.0,6.934397209928558,1,0,1,0,0,0,0,0,0,Queens,1,0.19431710468081637,8.277025707112323,0,0,0,0,0,0,0,0,0,0,1,0
7.937374696163295,1,1.0,6.476972362889683,0,1,0,1,0,0,0,1,0,Queens,1,0.2817440260307691,3.6493207578634053,1,0,1,0,0,0,0,0,0,0,0,0
7.937374696163295,1,1.0,6.551080335043404,0,1,0,1,0,0,0,1,0,Queens,1,0.2817440260307691,3.6493207578634053,1,0,1,0,0,0,0,0,0,0,0,0
7.955074273262696,1,1.0,6.476972362889683,0,1,0,1,0,0,0,1,0,Queens,1,0.2817440260307691,3.6493207578634053,1,0,1,0,0,0,0,0,0,0,0,0
7.506591780070841,0,1.0,6.906754778648554,0,1,1,0,0,0,0,1,1,Queens,1,4.1303277120929796,12.668513821857138,1,1,0,0,0,0,0,0,0,0,0,0
7.613324979540639,1,1.0,6.248042874508429,0,1,1,0,0,0,0,1,1,Queens,1,4.1303277120929796,12.668513821857138,1,1,0,0,0,0,0,0,0,0,0,0
7.878534196140362,2,1.0,6.906754778648554,0,1,1,0,0,0,0,1,1,Queens,1,4.1303277120929796,12.668513821857138,1,1,0,0,0,0,0,0,0,0,0,0
7.573017256052546,0,1.0,6.095824562432225,0,1,1,0,0,0,0,1,1,Queens,1,4.1303277120929796,12.668513821857138,1,1,0,0,0,0,0,0,0,0,0,0
7.598399329323964,1,1.0,6.906754778648554,0,1,1,0,0,0,0,1,1,Queens,1,4.1303277120929796,12.668513821857138,1,1,0,0,0,0,0,0,0,0,0,0
7.822044008185619,1,1.0,6.336825731146441,0,1,1,0,0,0,0,1,1,Queens,1,4.1303277120929796,12.668513821857138,1,1,0,0,0,0,0,0,0,0,0,0
7.598399329323964,0,1.0,6.1675164908883415,0,1,1,0,0,0,0,1,1,Queens,1,4.1303277120929796,12.668513821857138,1,1,0,0,0,0,0,0,0,0,0,0
7.768533300926033,1,1.0,6.646390514847729,0,1,1,0,0,0,0,1,1,Queens,1,4.1303277120929796,12.668513821857138,1,1,0,0,0,0,0,0,0,0,0,0
7.76004068088038,1,1.0,6.677083461247136,0,1,1,0,0,0,0,1,1,Queens,1,4.1303277120929796,12.668513821857138,1,1,0,0,0,0,0,0,0,0,0,0
7.751475318021456,1,1.0,6.666956792429207,0,1,1,0,0,0,0,1,1,Queens,1,4.1303277120929796,12.668513821857138,1,1,0,0,0,0,0,0,0,0,0,0
7.9355873855892,2,1.0,6.767343125265392,0,1,1,0,0,0,0,1,1,Queens,1,4.1303277120929796,12.668513821857138,1,1,0,0,0,0,0,0,0,0,0,0
7.781138509845015,1,1.0,6.672032945461067,0,1,1,0,0,0,0,1,1,Queens,1,4.1303277120929796,12.668513821857138,1,1,0,0,0,0,0,0,0,0,0,0
7.882314918980268,2,1.0,6.767343125265392,0,1,1,0,0,0,0,1,1,Queens,1,4.1303277120929796,12.668513821857138,1,1,0,0,0,0,0,0,0,0,0,0
7.623153068476902,1,1.0,6.244166900663736,0,1,1,0,0,0,0,1,1,Queens,1,4.1303277120929796,12.668513821857138,1,1,0,0,0,0,0,0,0,0,0,0
7.919356190660617,2,1.0,6.7650389767805414,0,1,1,0,0,0,0,1,1,Queens,1,4.1303277120929796,12.668513821857138,1,1,0,0,0,0,0,0,0,0,0,0
7.762170607138205,1,1.0,6.710523109452428,0,1,1,0,0,0,0,1,1,Queens,1,4.1303277120929796,12.668513821857138,1,1,0,0,0,0,0,0,0,0,0,0
7.781138509845015,1,1.0,6.678342114654332,0,1,1,0,0,0,0,1,1,Queens,1,4.1303277120929796,12.668513821857138,1,1,0,0,0,0,0,0,0,0,0,0
7.623153068476902,1,1.0,6.194405391104672,0,1,1,0,0,0,0,1,1,Queens,1,4.1303277120929796,12.668513821857138,1,1,0,0,0,0,0,0,0,0,0,0
7.492760300922379,0,1.0,6.1675164908883415,0,1,1,0,0,0,0,1,1,Queens,1,4.1303277120929796,12.668513821857138,1,1,0,0,0,0,0,0,0,0,0,0
7.608374474380783,1,1.0,6.19644412779452,0,1,1,0,0,0,0,1,1,Queens,1,4.1303277120929796,12.668513821857138,1,1,0,0,0,0,0,0,0,0,0,0
7.623153068476902,1,1.0,6.198478716492308,0,1,1,0,0,0,0,1,1,Queens,1,4.1303277120929796,12.668513821857138,1,1,0,0,0,0,0,0,0,0,0,0
7.822044008185619,1,1.0,6.906754778648554,0,1,1,0,0,0,0,1,1,Queens,1,4.1303277120929796,12.668513821857138,1,1,0,0,0,0,0,0,0,0,0,0
7.6708948313621175,1,1.0,6.248042874508429,0,1,1,0,0,0,0,1,1,Queens,1,4.1303277120929796,12.668513821857138,1,1,0,0,0,0,0,0,0,0,0,0
8.037543185118697,2,2.0,7.030857476116121,0,1,1,0,0,0,0,1,1,Queens,1,4.1303277120929796,12.668513821857138,1,1,0,0,0,0,0,0,0,0,0,0
7.598399329323964,0,1.0,6.906754778648554,0,1,1,0,0,0,0,1,1,Queens,1,4.1303277120929796,12.668513821857138,1,1,0,0,0,0,0,0,0,0,0,0
7.628031126930335,1,1.0,6.280395838960195,0,1,1,0,0,0,0,1,1,Queens,1,4.1303277120929796,12.668513821857138,1,1,0,0,0,0,0,0,0,0,0,0
7.6255950721324535,1,1.0,6.261491684321042,0,1,1,0,0,0,0,1,1,Queens,1,4.1303277120929796,12.668513821857138,1,1,0,0,0,0,0,0,0,0,0,0
7.783224016336037,1,1.0,6.705639094860003,0,1,1,0,0,0,0,1,1,Queens,1,4.1303277120929796,12.668513821857138,1,1,0,0,0,0,0,0,0,0,0,0
6.620073206530356,1,1.0,4.605170185988092,0,0,0,0,0,0,0,0,0,Queens,0,3.320913642487944,13.440641811752746,0,0,0,0,0,1,0,0,0,0,0,0
7.346010209913293,1,1.0,5.991464547107982,0,0,0,0,0,0,0,0,0,Queens,0,0.7528335350659405,5.399327189349367,1,0,0,1,0,0,0,0,0,0,0,0
7.843848638152472,1,1.0,6.522092798170152,0,1,0,1,0,0,0,1,0,Queens,1,0.37147895336404574,3.561286703128967,1,0,1,0,0,0,0,0,0,0,0,0
8.00603417874901,3,2.0,6.802394763324311,0,0,0,1,0,0,0,0,0,Queens,1,0.3482951454688906,4.783311569036246,1,0,0,0,1,0,0,0,0,0,0,0
7.718685495198466,2,1.0,6.877296071497429,1,0,1,0,0,0,0,0,0,Queens,1,0.350600161560251,8.54484159970014,0,0,0,0,0,0,0,0,0,1,0,0
7.696212639346407,2,1.0,6.856461984594587,1,0,1,0,0,0,0,0,0,Queens,1,0.17981100679562204,4.226542554023956,0,0,1,0,0,0,0,0,0,0,0,0
7.919356190660617,3,1.5,7.090076835776092,0,1,0,0,0,0,0,0,0,Queens,0,0.14064664467984642,6.016922443353727,0,0,0,0,1,0,0,0,0,0,0,0
7.4673710669175595,1,1.0,6.684611727667927,0,0,0,0,0,0,0,0,0,Queens,0,0.1467102963716162,4.435497637637943,1,0,1,0,0,0,0,0,0,0,0,0
8.318742252692399,3,2.0,6.907755278982137,0,0,0,0,0,0,0,0,0,Queens,1,0.14207976576123357,3.7225361819952787,0,0,1,0,0,0,0,0,0,0,0,0
7.824046010856292,2,2.0,6.620073206530356,0,1,0,0,0,0,0,0,0,Queens,0,0.2809336006134857,6.765830464836534,0,0,0,0,1,0,0,0,0,0,0,0
7.9724660159745655,3,1.5,7.090076835776092,0,1,0,0,0,0,0,0,0,Queens,0,0.2906455123068931,4.412494750914276,0,0,1,0,0,0,0,0,0,0,0,0
7.740229524763182,3,1.0,6.907755278982137,0,0,0,0,0,0,0,0,0,Queens,0,0.1370021609948658,3.8576088827986763,1,0,1,0,0,0,0,0,0,0,0,0
7.598399329323964,1,1.0,6.551080335043404,0,0,0,1,0,0,0,0,0,Queens,0,0.26200247377658414,9.522832950942137,1,0,0,0,0,0,0,0,0,1,0,0
8.318742252692399,3,2.0,6.872128101338986,0,0,0,0,0,0,0,0,0,Queens,1,3.1966403434074615,13.298802639223288,0,0,0,0,0,1,0,0,0,0,0,0
7.90100705199242,3,2.0,7.090076835776092,1,0,1,0,0,0,0,0,0,Queens,1,0.2395156767360964,8.548766285546966,0,0,0,0,0,0,0,0,0,0,1,0
7.696212639346407,2,1.0,7.090076835776092,0,0,0,0,0,0,0,0,0,Queens,0,0.34989245405893116,9.97547956945913,0,0,0,0,0,0,0,0,0,1,0,0
8.006367567650246,3,1.0,6.907755278982137,0,0,0,0,0,0,0,0,0,Queens,1,0.2375950293154073,3.5496264061091076,0,0,1,0,0,0,0,0,0,0,0,0
7.7406644019172415,2,1.0,6.906754778648554,0,0,0,0,0,0,0,0,0,Queens,0,0.12422040856302273,5.653093329017645,1,0,0,0,1,0,0,0,0,0,0,0
7.696212639346407,2,1.0,6.906754778648554,0,0,0,0,0,0,0,0,0,Queens,0,0.12422040856302273,5.653093329017645,1,0,0,0,1,0,0,0,0,0,0,0
7.824046010856292,3,1.0,6.906754778648554,0,0,0,0,0,0,0,0,0,Queens,0,0.12422040856302273,5.653093329017645,1,0,0,0,1,0,0,0,0,0,0,0
7.824046010856292,3,1.0,6.906754778648554,0,0,0,0,0,0,0,0,0,Queens,0,0.12422040856302273,5.653093329017645,1,0,0,0,1,0,0,0,0,0,0,0
7.1308988302963465,1,1.0,6.551080335043404,0,0,1,0,0,0,0,0,0,Queens,0,1.7889315911421257,10.082589303838715,1,0,0,0,0,0,0,0,0,0,1,0
8.006367567650246,3,1.0,7.003065458786462,0,0,0,0,0,0,0,0,0,Queens,1,0.0874360640734003,3.3452906002691254,0,0,1,0,0,0,0,0,0,0,0,0
7.989560449333865,2,1.0,6.745236349484363,0,0,0,0,0,0,0,0,0,Queens,1,0.13971903818476866,4.339980975914306,0,0,1,0,0,0,0,0,0,0,0,0
7.955074273262696,1,1.0,6.551080335043404,0,0,0,0,0,0,0,0,0,Queens,1,0.18594434728999087,4.2301604176093885,0,0,1,0,0,0,0,0,0,0,0,0
7.7406644019172415,2,1.0,6.684611727667927,0,0,0,0,0,0,0,0,0,Queens,0,0.11554042324541634,4.1376954502549745,0,0,1,0,0,0,0,0,0,0,0,0
8.039157390473237,2,1.0,6.684611727667927,0,1,0,0,0,0,0,0,0,Queens,1,0.09598580476233844,3.5674942570617643,1,0,1,0,0,0,0,0,0,0,0,0
7.649692623711514,2,1.0,6.907755278982137,0,0,0,0,0,0,0,0,0,Queens,0,0.337507063818333,3.0773045865075765,0,0,1,0,0,0,0,0,0,0,0,0
7.824046010856292,3,2.0,7.313220387090301,0,0,0,0,0,0,0,0,0,Queens,0,0.6138782783054689,11.009583626167002,0,0,0,0,0,1,0,0,0,0,0,0
8.070906088787819,4,1.5,6.906754778648554,0,0,0,0,0,0,0,0,0,Queens,0,0.5109171448913081,4.985271482546466,1,0,0,0,1,0,0,0,0,0,0,0
7.4949862339505335,1,1.0,6.522092798170152,0,0,0,0,0,0,0,0,0,Queens,0,1.3375946573354003,9.677354899048872,0,0,0,0,0,0,0,0,0,0,1,0
7.937374696163295,3,1.5,7.003065458786462,0,1,0,0,0,0,0,0,0,Queens,1,0.4492012648633873,3.5635709542093656,1,0,1,0,0,0,0,0,0,0,0,0
7.937374696163295,3,2.0,7.1308988302963465,0,0,0,0,0,0,0,0,0,Queens,0,2.885067254743579,11.227269733200599,0,0,0,0,0,0,0,0,0,0,1,0
7.824046010856292,3,1.0,6.93537044601511,0,0,0,0,0,0,0,0,0,Queens,0,2.0222572379709614,11.701526516841925,1,0,0,0,0,1,0,0,0,0,0,0
7.313220387090301,0,0.0,6.309918278226516,0,0,0,1,0,0,0,0,0,Queens,0,0.4002901677162472,9.038895975865602,1,0,0,0,0,0,0,0,0,1,0,0
7.673223121121708,1,1.0,6.309918278226516,0,0,0,1,0,0,0,0,0,Queens,0,0.4002901677162472,9.038895975865602,1,0,0,0,0,0,0,0,0,1,0,0
7.536363938404511,1,1.0,6.309918278226516,0,0,0,1,0,0,0,0,0,Queens,0,0.4002901677162472,9.038895975865602,1,0,0,0,0,0,0,0,0,1,0,0
8.006367567650246,3,1.5,7.600902459542082,0,0,1,0,0,0,0,0,0,Queens,1,0.5624292585501547,4.770428016839584,0,0,1,0,0,0,0,0,0,0,0,0
7.649692623711514,1,1.0,6.907755278982137,0,0,0,0,0,0,0,0,0,Queens,0,1.0314504008592045,5.587741855442167,0,0,0,1,0,0,0,0,0,0,0,0
8.160518247477505,3,2.0,7.1308988302963465,0,0,0,0,0,0,0,0,0,Queens,0,2.927251362688496,10.83248221498058,0,0,0,0,0,0,0,0,0,0,1,0
7.919356190660617,2,1.0,6.856461984594587,0,0,0,0,0,0,0,0,0,Queens,1,0.23343278862027886,4.427301553066878,0,0,1,0,0,0,0,0,0,0,0,0
8.146129510025405,3,2.5,7.090076835776092,0,1,1,0,0,0,0,0,0,Queens,1,0.24701966718600588,4.081375704212035,1,0,1,0,0,0,0,0,0,0,0,0
8.006367567650246,1,1.0,6.51471269087253,1,1,1,0,1,1,0,1,1,Queens,1,0.4411866669458848,3.523219620083436,1,0,1,0,0,0,0,0,0,0,0,0
7.99799931797973,1,1.0,6.51471269087253,1,1,1,0,1,1,0,1,1,Queens,1,0.4411866669458848,3.523219620083436,1,0,1,0,0,0,0,0,0,0,0,0
8.039157390473237,1,1.0,6.51471269087253,1,1,1,0,1,1,0,1,1,Queens,1,0.4411866669458848,3.523219620083436,1,0,1,0,0,0,0,0,0,0,0,0
8.039157390473237,1,1.0,6.51471269087253,1,1,1,0,1,1,0,1,1,Queens,1,0.4411866669458848,3.523219620083436,1,0,1,0,0,0,0,0,0,0,0,0
7.600902459542082,1,1.0,6.745236349484363,0,1,0,0,0,0,0,0,0,Queens,0,0.06847217238915225,7.833081756316997,0,0,0,0,0,0,0,0,0,1,0,0
7.549609165154532,2,1.0,6.396929655216146,0,0,0,0,0,0,0,0,0,Queens,0,0.23069883192640303,9.151225447143453,0,0,0,0,0,0,0,0,0,1,0,0
7.52294091807237,1,1.0,6.620073206530356,0,0,0,0,0,0,0,0,0,Queens,0,0.036942966209563395,7.2158588965152,0,0,0,0,1,0,0,0,0,0,0,0
7.52294091807237,1,1.0,6.551080335043404,0,0,0,1,0,0,0,0,0,Queens,0,0.527169845080162,3.057582635182519,0,0,1,0,0,0,0,0,0,0,0,0
7.8632667240095735,3,1.0,7.003065458786462,1,0,1,0,0,0,0,0,0,Queens,1,0.4458140072419214,14.741861139383296,0,0,0,0,0,0,0,0,1,0,0,0
7.9102237070973445,2,2.0,6.745236349484363,0,1,1,0,0,0,0,0,0,Queens,1,0.16782488190290948,5.37951983132291,1,0,0,0,1,0,0,0,0,0,0,0
8.037543185118697,3,2.0,6.802394763324311,0,1,1,0,0,0,0,0,0,Queens,1,0.16782488190290948,5.37951983132291,1,0,0,0,1,0,0,0,0,0,0,0
7.27931883541462,0,1.0,6.214608098422191,0,0,0,0,0,0,0,0,0,Queens,0,0.24979995287266568,9.334433509580085,0,0,0,0,0,0,0,0,0,1,0,0
7.9724660159745655,2,1.0,6.802394763324311,0,0,0,0,0,0,0,0,0,Queens,0,0.1718678183964656,4.2483866045013325,0,0,1,0,0,0,0,0,0,0,0,0
7.900636613018005,3,1.0,6.907755278982137,0,0,0,1,0,0,0,0,0,Queens,1,0.08740608477534334,5.329259690775384,1,0,0,0,1,0,0,0,0,0,0,0
8.070906088787819,2,2.0,7.003065458786462,0,0,0,0,0,0,0,0,0,Queens,0,0.24166410610749026,8.037897322781578,0,0,0,0,0,0,0,0,0,0,1,0
8.022896869601457,2,2.0,6.802394763324311,0,0,0,0,0,0,0,0,0,Queens,1,0.5372128881801578,4.174261658073462,0,0,1,0,0,0,0,0,0,0,0,0
7.783224016336037,2,1.0,6.620073206530356,0,0,0,0,0,0,0,0,0,Queens,0,0.18862020089194276,3.7592941494906627,0,0,1,0,0,0,0,0,0,0,0,0
7.762170607138205,2,1.0,6.907755278982137,0,1,0,0,0,0,0,0,0,Queens,1,0.21266956947865945,8.304992447128955,0,0,0,0,0,0,0,0,0,1,0,0
7.803843303538772,3,1.0,7.600902459542082,0,0,0,0,0,0,0,0,0,Queens,0,0.6787325431161515,10.543618828665661,0,0,0,0,0,0,0,0,0,1,0,0
7.4673710669175595,1,1.0,6.620073206530356,0,0,0,0,0,0,0,0,0,Queens,1,0.5342773702270338,4.749144404328061,1,0,1,0,0,0,0,0,0,0,0,0
7.575584651557793,1,1.0,6.551080335043404,0,0,0,0,0,0,0,0,0,Queens,0,0.7947509682335754,9.507965337101853,0,0,0,0,0,0,0,0,0,1,0,0
7.696212639346407,2,1.0,6.856461984594587,0,0,0,0,0,0,0,0,0,Queens,0,2.1762605018986387,12.844602963815168,0,0,0,0,0,0,0,1,0,0,0,0
7.783224016336037,1,1.0,6.51471269087253,0,1,0,0,0,0,0,0,0,Queens,1,0.20594527599669393,3.993127843147007,1,0,1,0,0,0,0,0,0,0,0,0
7.937374696163295,1,1.0,6.476972362889683,1,1,0,1,0,0,1,1,0,Queens,1,0.14255766255706714,7.340726313219618,0,0,0,0,0,0,0,0,0,1,0,0
7.824046010856292,2,2.0,6.396929655216146,0,1,0,1,0,0,0,1,0,Queens,1,0.4672878624255791,8.394149361043066,1,0,0,0,0,0,0,0,0,0,1,0
7.937374696163295,3,1.5,7.003065458786462,0,1,0,0,0,0,0,0,0,Queens,1,0.5849066806734186,3.4841940679279055,1,0,1,0,0,0,0,0,0,0,0,0
7.696212639346407,2,2.0,6.311734809152915,0,0,0,0,0,0,0,0,0,Queens,1,0.17871347323700676,3.7992467227148157,0,0,1,0,0,0,0,0,0,0,0,0
7.696212639346407,2,1.0,6.907755278982137,0,0,0,0,0,0,0,0,0,Queens,0,0.4217841464825314,8.634161248989992,0,0,0,0,0,0,0,0,0,1,0,0
7.762170607138205,1,1.0,6.620073206530356,0,0,0,0,0,0,0,0,0,Queens,0,0.17561352225583665,2.684529826883698,1,0,1,0,0,0,0,0,0,0,0,0
7.313220387090301,0,1.0,6.684611727667927,0,0,0,1,0,0,0,0,0,Queens,0,0.3225216272283339,9.169754234739358,0,0,0,0,0,0,0,0,0,1,0,0
7.824046010856292,2,1.0,6.802394763324311,0,1,0,1,0,0,0,0,0,Queens,0,2.2899134186279637,10.53547157287635,0,0,0,0,0,0,0,0,0,0,1,0
7.937374696163295,3,1.0,7.313220387090301,0,1,0,0,0,0,0,0,0,Queens,0,2.827519037664331,12.683243059529271,1,0,0,0,0,0,0,1,0,0,0,0
7.673223121121708,0,1.0,6.214608098422191,0,0,1,0,0,0,0,0,0,Queens,0,0.39350757272939063,7.9205600134678775,1,0,0,0,0,0,0,0,0,0,1,0
8.160518247477505,2,2.0,7.003065458786462,0,0,1,0,0,0,0,0,0,Queens,0,0.39350757272939063,7.9205600134678775,1,0,0,0,0,0,0,0,0,0,1,0
7.8632667240095735,1,1.0,6.684611727667927,0,0,1,0,0,0,0,0,0,Queens,0,0.39350757272939063,7.9205600134678775,1,0,0,0,0,0,0,0,0,0,1,0
7.9102237070973445,0,1.0,6.189290290437902,0,1,0,1,0,0,0,1,0,Queens,1,0.4118834531743772,3.087983500341104,0,0,1,0,0,0,0,0,0,0,0,0
8.006367567650246,3,1.0,6.907755278982137,0,1,0,0,0,0,0,0,0,Queens,1,0.25930593756653225,3.826902022748139,0,0,1,0,0,0,0,0,0,0,0,0
7.90100705199242,1,1.0,6.551080335043404,0,1,0,1,0,0,0,0,0,Queens,1,0.27818529827441585,3.868758726154781,0,0,1,0,0,0,0,0,0,0,0,0
8.268731832117737,2,2.0,6.856461984594587,0,0,0,1,0,0,0,1,1,Queens,1,0.24474710511019784,8.856396099246988,1,0,0,0,0,0,0,0,0,1,0,0
7.937374696163295,3,1.0,6.802394763324311,0,1,0,1,0,0,0,0,0,Queens,1,0.6025289568300475,4.704515243218805,0,0,1,0,0,0,0,0,0,0,0,0
7.7406644019172415,1,1.0,6.522092798170152,0,0,0,1,0,0,0,0,0,Queens,1,0.5450963308317363,3.470582626360077,0,0,1,0,0,0,0,0,0,0,0,0
7.600902459542082,2,1.0,6.684611727667927,0,0,0,0,0,0,0,0,0,Queens,0,0.37568313737746,4.040170161117392,1,0,1,0,0,0,0,0,0,0,0,0
8.101677747454572,3,1.0,6.907755278982137,1,1,0,1,0,0,0,1,0,Queens,1,0.14975452757973287,3.7005921790734075,0,0,1,0,0,0,0,0,0,0,0,0
8.101677747454572,3,1.0,6.907755278982137,1,1,0,1,0,0,0,1,0,Queens,1,0.14975452757973287,3.7005921790734075,0,0,1,0,0,0,0,0,0,0,0,0
8.055157731819678,2,1.0,6.802394763324311,0,1,1,0,0,0,0,0,0,Queens,1,0.3994030697435058,3.8901800643870152,1,0,1,0,0,0,0,0,0,0,0,0
7.673223121121708,1,1.0,6.476972362889683,0,1,0,0,0,0,0,0,0,Queens,0,0.35744946675530587,3.705928102648324,1,0,1,0,0,0,0,0,0,0,0,0
7.90100705199242,2,2.0,6.927557906278317,0,0,0,0,0,0,0,0,0,Queens,1,2.1037170651129693,10.445201737088826,0,0,0,0,0,0,0,0,0,0,1,0
7.824046010856292,2,1.0,6.745236349484363,0,0,0,0,0,0,0,0,0,Queens,0,0.6677430351295123,6.435379690081033,0,0,0,0,1,0,0,0,0,0,0,0
7.8632667240095735,3,1.0,6.956545443151569,0,0,0,0,0,0,0,0,0,Queens,0,0.5879051460741901,6.357661344017663,0,0,0,0,1,0,0,0,0,0,0,0
7.598399329323964,1,1.0,6.684611727667927,0,0,0,1,0,0,0,1,0,Queens,0,0.26279311819028234,8.604655241454921,0,0,0,0,0,0,0,0,0,0,1,0
8.105005537547246,0,1.0,6.214608098422191,0,0,0,0,0,0,0,1,0,Queens,0,0.028686399053779586,2.450300029998972,0,0,1,0,0,0,0,0,0,0,0,0
8.266164436612492,1,1.0,6.551080335043404,0,0,0,0,0,0,0,1,0,Queens,0,0.028686399053779586,2.450300029998972,0,0,1,0,0,0,0,0,0,0,0,0
8.61104776688786,1,2.0,6.907755278982137,0,0,0,0,0,0,0,1,0,Queens,0,0.028686399053779586,2.450300029998972,0,0,1,0,0,0,0,0,0,0,0,0
8.939056445334039,3,2.0,6.907755278982137,0,0,0,0,0,0,0,1,0,Queens,0,0.028686399053779586,2.450300029998972,0,0,1,0,0,0,0,0,0,0,0,0
7.649692623711514,2,2.0,6.507277712385012,1,0,1,0,0,0,0,0,0,Queens,1,0.15393180567565143,8.164928540983507,0,0,0,0,0,0,0,0,0,0,1,0
8.086410275323782,3,3.0,7.134093721192866,1,1,1,0,1,1,1,1,0,Queens,1,0.10462976909248099,15.039181059396524,1,0,0,0,0,0,0,0,1,0,0,0
8.160518247477505,3,2.0,7.313220387090301,0,0,0,0,0,0,0,0,0,Queens,0,0.4763118927324487,4.022820537448516,0,0,1,0,0,0,0,0,0,0,0,0
7.954723334497908,4,2.0,7.090076835776092,0,0,0,1,0,0,0,0,0,Queens,1,0.020627398757941538,5.9176442737977295,1,0,0,0,1,0,0,0,0,0,0,0
7.9976631270201,4,1.5,7.313220387090301,0,0,1,0,0,0,0,0,0,Queens,1,0.47606669965239184,5.079101699206144,1,0,0,0,1,0,0,0,0,0,0,0
7.824046010856292,3,1.0,6.7912214627261855,0,0,0,0,0,0,0,0,0,Queens,0,0.6006959370623018,4.704687282405,0,0,1,0,0,0,0,0,0,0,0,0
8.202482446576537,2,1.0,6.684611727667927,1,1,0,1,0,0,0,1,0,Queens,1,0.16653987807872525,5.510301611328585,1,0,0,0,1,0,0,0,0,0,0,0
8.202482446576537,2,1.0,6.551080335043404,1,1,0,1,0,0,0,1,0,Queens,1,0.16653987807872525,5.510301611328585,1,0,0,0,1,0,0,0,0,0,0,0
7.600902459542082,1,1.0,6.51471269087253,0,0,0,0,0,0,0,0,0,Queens,0,0.10262041227420036,4.663823255964346,0,0,1,0,0,0,0,0,0,0,0,0
7.8632667240095735,3,2.0,6.745236349484363,0,0,0,0,0,0,0,0,0,Queens,0,0.25510214948319293,5.973824435668654,1,0,0,0,1,0,0,0,0,0,0,0
7.489970898834801,2,1.0,6.586171654854675,0,0,0,1,0,0,0,1,1,Queens,0,0.14408404188297766,9.404542998944994,0,0,0,0,0,0,0,0,0,1,0,0
7.90100705199242,3,2.0,7.783224016336037,0,0,1,0,0,0,0,0,0,Queens,0,0.13735181586692646,14.502768771198564,0,0,0,0,0,0,0,0,1,0,0,0
7.882314918980268,2,1.0,6.802394763324311,0,0,0,0,0,0,0,0,0,Queens,0,0.4056661830879134,9.422594261237546,0,0,0,0,0,0,0,0,0,1,0,0
7.438383530044307,0,1.0,6.620073206530356,0,0,0,0,0,0,0,0,0,Queens,0,0.05994655515927559,5.521641614343493,0,0,0,0,1,0,0,0,0,0,0,0
7.696212639346407,1,1.0,6.551080335043404,0,1,0,1,0,0,0,0,0,Queens,1,0.380162307881134,3.622365808839726,1,0,1,0,0,0,0,0,0,0,0,0
7.824046010856292,2,1.0,6.704414354964107,1,0,1,0,0,0,0,0,0,Queens,1,0.33406740818621833,7.211981468660174,0,0,0,0,0,0,0,0,0,1,0,0
8.131530710604252,1,1.0,6.672032945461067,0,0,1,0,0,0,0,1,1,Queens,0,0.6109114485047201,3.218196326735945,1,0,1,0,0,0,0,0,0,0,0,0
7.9724660159745655,1,1.0,6.476972362889683,0,0,1,0,0,0,0,1,1,Queens,0,0.6109114485047201,3.218196326735945,1,0,1,0,0,0,0,0,0,0,0,0
7.824046010856292,0,1.0,5.996452088619021,0,0,0,0,0,0,0,0,0,Queens,0,0.051160238226806,2.425915204633004,0,0,1,0,0,0,0,0,0,0,0,0
7.52294091807237,1,1.0,6.437751649736401,0,0,0,1,0,0,0,0,0,Queens,0,0.655339014581853,3.5347146462833314,0,0,1,0,0,0,0,0,0,0,0,0
7.549609165154532,4,1.0,7.313220387090301,0,1,0,0,0,0,0,0,0,Queens,0,1.22721034003289,6.036508508434814,0,0,0,1,0,0,0,0,0,0,0,0
8.00469951054955,1,1.0,6.396929655216146,1,0,1,0,1,0,0,1,0,Queens,0,0.05878424425701262,2.419507123207237,0,0,1,0,0,0,0,0,0,0,0,0
7.549609165154532,1,1.0,6.659293919683638,0,0,0,0,0,0,0,0,0,Queens,0,0.18631747351508868,8.92192621655061,0,0,0,0,0,0,0,0,0,1,0,0
7.90100705199242,3,2.0,7.090076835776092,0,0,0,0,0,0,0,0,0,Queens,0,2.738750566240773,10.89476845049494,0,0,0,0,0,0,0,0,0,0,1,0
7.7406644019172415,2,1.0,6.907755278982137,1,1,1,0,0,0,0,1,0,Queens,0,0.34352223695749046,7.316671770827668,1,0,0,0,0,0,0,0,0,1,0,0
8.070906088787819,4,1.0,7.27931883541462,0,0,0,0,0,0,0,0,0,Queens,0,0.5798852799713933,5.411276318256396,1,0,0,1,0,0,0,0,0,0,0,0
7.600902459542082,2,1.0,6.684611727667927,0,0,0,0,0,0,0,0,0,Queens,0,0.2121503528423727,3.3596083682688036,1,0,1,0,0,0,0,0,0,0,0,0
7.7406644019172415,1,1.0,6.551080335043404,0,1,1,0,0,0,0,0,0,Queens,1,0.4113943222090415,3.422996418925245,1,0,1,0,0,0,0,0,0,0,0,0
7.718685495198466,2,1.0,6.856461984594587,0,0,0,1,0,0,0,1,0,Queens,1,0.254427775713297,7.028181176917155,0,0,0,0,1,0,0,0,0,0,0,0
7.600902459542082,2,1.0,6.802394763324311,0,0,0,0,0,0,0,0,0,Queens,0,0.08576046093488646,4.281496673319979,0,0,1,0,0,0,0,0,0,0,0,0
7.762170607138205,1,1.0,6.551080335043404,0,0,0,1,0,0,0,0,0,Queens,1,0.37477990686806195,3.5762396382464963,0,0,1,0,0,0,0,0,0,0,0,0
7.90100705199242,3,2.0,7.495541943884256,0,0,0,0,0,0,0,0,0,Queens,0,0.2303030638263811,9.240958814318752,0,0,0,0,0,0,0,0,0,1,0,0
8.055157731819678,2,1.0,6.684611727667927,0,0,1,0,0,0,0,0,0,Queens,1,0.25700940880409906,3.8714910269284553,1,0,1,0,0,0,0,0,0,0,0,0
7.989560449333865,3,1.0,7.24422751560335,0,0,0,0,0,0,0,0,0,Queens,0,0.14961739190885623,5.106093497509464,0,0,0,0,1,0,0,0,0,0,0,0
8.25582842728183,3,2.0,7.106606137727303,0,1,1,0,0,0,0,0,1,Queens,1,0.38942601944722294,7.387601137936355,1,0,0,0,0,0,0,0,0,1,0,0
8.006367567650246,3,2.0,7.003065458786462,0,0,0,0,0,0,0,0,0,Queens,0,0.17113955169332828,4.9060798757606365,0,0,1,0,0,0,0,0,0,0,0,0
7.600902459542082,2,1.0,6.907755278982137,0,0,0,0,0,0,0,0,0,Queens,0,0.35882604747767494,8.55427758135817,0,0,0,0,0,0,0,0,0,1,0,0
7.649692623711514,1,1.0,6.536691597591305,0,0,0,0,0,0,0,0,0,Queens,0,0.5542431229340983,4.673271482992596,0,0,1,0,0,0,0,0,0,0,0,0
7.4673710669175595,0,1.0,6.684611727667927,1,0,1,0,0,0,0,0,0,Queens,1,0.7255113777578289,8.907881529854231,0,0,0,0,0,0,0,0,0,0,1,0
7.718685495198466,1,1.0,6.802394763324311,0,0,0,1,0,0,0,1,0,Queens,0,0.14526730839292668,3.4801353823258983,0,0,1,0,0,0,0,0,0,0,0,0
7.762170607138205,1,1.0,6.551080335043404,0,0,0,1,0,0,0,0,0,Queens,1,0.09491883773765546,3.498100253684093,1,0,1,0,0,0,0,0,0,0,0,0
7.937374696163295,3,1.0,7.600902459542082,0,1,0,0,0,0,0,0,0,Queens,1,2.8270116008433606,12.6832774488158,0,0,0,0,0,0,0,1,0,0,0,0
7.7406644019172415,2,1.0,6.684611727667927,0,0,0,0,0,0,0,0,0,Queens,1,0.062159914141928924,3.9040087506925554,0,0,1,0,0,0,0,0,0,0,0,0
7.824046010856292,1,2.0,6.620073206530356,0,0,0,0,0,0,0,0,1,Queens,1,0.6378137373525508,3.0276646154634563,1,0,1,0,0,0,0,0,0,0,0,0
8.294049640102028,3,2.0,7.170119543449628,0,0,0,1,0,0,0,0,1,Queens,0,0.570202176923218,9.593369481017206,1,0,0,0,0,0,0,0,0,1,0,0
7.6255950721324535,1,1.0,6.476972362889683,0,0,1,0,0,0,0,0,0,Queens,1,0.3128542650252894,3.9573431628030016,1,0,1,0,0,0,0,0,0,0,0,0
7.7406644019172415,2,1.0,6.745236349484363,0,0,0,0,0,0,0,0,0,Queens,0,0.1767497372573046,5.932909634494385,0,0,0,0,1,0,0,0,0,0,0,0
7.4673710669175595,1,1.0,6.684611727667927,0,1,0,0,0,0,0,0,0,Queens,0,0.62545825037144,6.417328923291041,0,0,0,0,1,0,0,0,0,0,0,0
7.937374696163295,1,1.0,6.551080335043404,0,1,0,1,0,0,0,1,0,Queens,1,0.17855176761072455,3.5689303741317264,1,0,1,0,0,0,0,0,0,0,0,0
7.598399329323964,1,1.0,6.620073206530356,0,0,0,0,0,0,0,1,0,Queens,0,0.10462578306985905,7.181327543811762,1,0,0,0,1,0,0,0,0,0,0,0
7.649692623711514,2,1.0,6.882437470997847,0,0,0,0,0,0,0,0,0,Queens,0,1.1463062206869397,9.367101327734309,0,0,0,0,0,0,0,0,0,1,0,0
7.718685495198466,3,1.0,7.090076835776092,0,0,0,0,0,0,0,0,0,Queens,0,0.21359584750004035,8.942236195270226,0,0,0,0,0,0,0,0,0,1,0,0
7.899153483343097,2,1.0,6.476972362889683,1,1,1,0,1,0,0,0,0,Queens,1,0.15899948617536083,3.717018046238185,0,0,1,0,0,0,0,0,0,0,0,0
7.822044008185619,2,2.0,6.476972362889683,1,1,1,0,1,0,0,0,0,Queens,1,0.15899948617536083,3.717018046238185,0,0,1,0,0,0,0,0,0,0,0,0
7.822044008185619,3,1.0,6.802394763324311,0,0,0,1,0,0,0,0,0,Queens,1,0.11769234224552441,5.428485079735162,1,0,0,0,1,0,0,0,0,0,0,0
7.824046010856292,1,1.0,6.508023702721733,1,1,1,0,1,1,1,1,0,Queens,1,0.1293272396883031,10.081361207501505,1,0,0,0,0,0,0,0,0,1,0,0
7.963807953231451,2,2.0,7.047517221357296,1,1,1,0,1,1,1,1,0,Queens,1,0.1293272396883031,10.081361207501505,1,0,0,0,0,0,0,0,0,1,0,0
8.262300941787448,3,2.0,7.2115567333138015,1,1,1,0,1,1,1,1,0,Queens,1,0.1293272396883031,10.081361207501505,1,0,0,0,0,0,0,0,0,1,0,0
7.569153761227502,0,1.0,6.298949246855942,1,1,1,0,1,1,1,1,0,Queens,1,0.1293272396883031,10.081361207501505,1,0,0,0,0,0,0,0,0,1,0,0
8.022568946988255,4,2.0,7.313220387090301,0,0,0,0,0,0,0,0,0,Queens,0,0.729710007786635,2.658446199318301,1,0,1,0,0,0,0,0,0,0,0,0
8.160518247477505,4,1.0,7.438383530044307,0,0,0,0,0,0,0,0,0,Queens,1,4.256033567624013,14.862397345206652,0,1,0,0,0,0,0,0,0,0,0,0
7.937017489515454,3,1.0,6.802394763324311,0,0,0,1,0,0,0,0,0,Queens,0,0.3097109302026657,5.221668777483996,1,0,0,0,1,0,0,0,0,0,0,0
7.696212639346407,2,1.0,6.684611727667927,0,1,1,0,0,0,0,0,0,Queens,1,0.2659894740731002,5.974862849217063,0,0,0,0,1,0,0,0,0,0,0,0
7.8632667240095735,1,1.0,6.551080335043404,0,0,0,0,0,0,0,0,0,Queens,1,0.3931790450080168,4.587995948062984,1,0,1,0,0,0,0,0,0,0,0,0
7.918992488165245,3,1.5,7.003065458786462,0,0,0,1,0,0,0,0,0,Queens,1,0.38466985022467437,4.994587362444022,1,0,0,0,1,0,0,0,0,0,0,0
7.824046010856292,2,1.0,6.882437470997847,0,0,0,0,0,0,0,0,0,Queens,0,0.19766097635053081,5.9674406010139895,0,0,0,0,1,0,0,0,0,0,0,0
7.824046010856292,3,1.0,6.906754778648554,0,0,0,0,0,0,0,0,0,Queens,0,0.1672582526911469,5.378273188071645,1,0,0,0,1,0,0,0,0,0,0,0
7.824046010856292,3,1.0,6.906754778648554,0,0,0,0,0,0,0,0,0,Queens,0,0.1672582526911469,5.378273188071645,1,0,0,0,1,0,0,0,0,0,0,0
7.600902459542082,2,1.0,8.1886891244442,0,0,0,0,0,0,0,0,0,Queens,0,2.456921509178638,13.479140880463538,0,0,0,0,0,0,0,1,0,0,0,0
7.8632667240095735,3,1.0,6.907755278982137,0,1,0,0,0,0,0,0,0,Queens,1,1.008968054086493,7.128999394916771,0,0,0,0,1,0,0,0,0,0,0,0
7.6255950721324535,2,1.0,7.003065458786462,0,0,0,1,0,0,0,0,0,Queens,0,0.2614865872790948,9.559349863038737,1,0,0,0,0,0,0,0,0,1,0,0
7.600902459542082,2,1.0,6.802394763324311,0,0,0,0,0,0,0,0,0,Queens,0,0.14437740470424573,3.8396916918750157,0,0,1,0,0,0,0,0,0,0,0,0
7.423568444259167,1,1.0,6.476972362889683,0,0,0,0,0,0,0,0,0,Queens,0,0.7664502197900376,3.2790362127970987,1,0,1,0,0,0,0,0,0,0,0,0
7.891704659330107,3,1.0,6.907755278982137,0,0,0,0,0,0,0,0,0,Queens,0,0.2604122953703667,3.8911839192890576,1,0,1,0,0,0,0,0,0,0,0,0
7.600902459542082,1,1.0,6.551080335043404,0,1,0,1,0,0,0,1,0,Queens,1,0.08216057467053353,6.671673628762755,0,0,0,0,1,0,0,0,0,0,0,0
7.783224016336037,3,2.0,6.966024187106113,0,0,0,0,0,0,0,0,0,Queens,0,0.8749550375856708,10.595945527507695,0,0,0,0,0,0,0,0,0,1,0,0
8.006367567650246,3,2.0,7.1308988302963465,0,0,0,0,0,0,0,0,0,Queens,0,2.4433204624506075,10.647902033364739,0,0,0,0,0,0,0,0,0,0,1,0
8.268731832117737,3,1.5,7.24422751560335,0,1,1,0,0,0,0,0,0,Queens,1,0.6804804038260758,7.90478105638945,0,0,0,0,0,0,0,0,0,1,0,0
8.330863613224745,3,1.5,7.783224016336037,0,0,0,0,0,0,0,0,0,Queens,1,4.140111190155632,12.613740714398723,0,1,0,0,0,0,0,0,0,0,0,0
7.989221408815276,2,2.0,6.715383386334681,1,1,0,1,1,1,1,1,1,Queens,1,0.13724983362318813,9.983321043952122,1,0,0,0,0,0,0,0,0,1,0,0
7.642044402873258,0,0.0,6.300785794663244,1,1,0,1,1,1,1,1,1,Queens,1,0.13724983362318813,9.983321043952122,1,0,0,0,0,0,0,0,0,1,0,0
7.76046702921342,1,1.0,6.371611847231857,1,1,0,1,1,1,1,1,1,Queens,1,0.13724983362318813,9.983321043952122,1,0,0,0,0,0,0,0,0,1,0,0
7.623153068476902,0,0.0,6.300785794663244,1,1,0,1,1,1,1,1,1,Queens,1,0.13724983362318813,9.983321043952122,1,0,0,0,0,0,0,0,0,1,0,0
7.776954403322442,1,1.0,6.492239835020471,1,1,0,1,1,1,1,1,1,Queens,1,0.13724983362318813,9.983321043952122,1,0,0,0,0,0,0,0,0,1,0,0
7.631431664576906,0,0.0,6.300785794663244,1,1,0,1,1,1,1,1,1,Queens,1,0.13724983362318813,9.983321043952122,1,0,0,0,0,0,0,0,0,1,0,0
7.794823152179389,1,1.0,6.38856140554563,1,1,0,1,1,1,1,1,1,Queens,1,0.13724983362318813,9.983321043952122,1,0,0,0,0,0,0,0,0,1,0,0
8.039157390473237,2,2.0,6.785587645007929,1,1,0,1,1,1,1,1,1,Queens,1,0.13724983362318813,9.983321043952122,1,0,0,0,0,0,0,0,0,1,0,0
8.044626279767337,2,2.0,6.799055862058796,1,1,0,1,1,1,1,1,1,Queens,1,0.13724983362318813,9.983321043952122,1,0,0,0,0,0,0,0,0,1,0,0
7.7406644019172415,2,1.0,6.745236349484363,0,0,0,0,0,0,0,0,0,Queens,0,0.2857240835243743,4.916383075962903,1,0,0,1,0,0,0,0,0,0,0,0
7.7406644019172415,2,1.0,6.745236349484363,0,0,0,0,0,0,0,0,0,Queens,0,0.2857240835243743,4.916383075962903,1,0,0,1,0,0,0,0,0,0,0,0
8.101677747454572,3,2.0,7.228388451573604,0,1,0,0,0,0,0,0,0,Queens,0,2.1571124262258707,10.36462553074638,0,0,0,0,0,0,0,0,0,0,1,0
7.762170607138205,1,1.0,6.429719478039138,0,0,0,0,0,0,0,0,0,Queens,0,0.2294402705453374,4.2129617306502665,0,0,1,0,0,0,0,0,0,0,0,0
7.495541943884256,1,1.0,6.354370040797351,0,1,0,1,0,0,0,1,0,Queens,1,0.47086253717390925,6.0160593564496265,1,0,0,1,0,0,0,0,0,0,0,0
7.882314918980268,2,2.0,6.802394763324311,0,1,0,1,0,0,0,1,0,Queens,1,0.47086253717390925,6.0160593564496265,1,0,0,1,0,0,0,0,0,0,0,0
8.070906088787819,2,2.0,6.684611727667927,0,1,0,1,0,0,0,1,0,Queens,1,0.328897312162691,3.224745915953814,0,0,1,0,0,0,0,0,0,0,0,0
7.696212639346407,1,1.0,6.551080335043404,0,1,0,1,0,0,0,1,0,Queens,1,0.328897312162691,3.224745915953814,0,0,1,0,0,0,0,0,0,0,0,0
7.803843303538772,3,1.0,6.856461984594587,0,0,0,0,0,0,0,0,0,Queens,0,0.3038733148647047,5.296097130083575,1,0,0,0,1,0,0,0,0,0,0,0
7.4673710669175595,1,1.0,6.476972362889683,1,1,1,0,0,0,0,1,0,Queens,1,0.15694157499718592,6.434322978819192,0,0,0,0,1,0,0,0,0,0,0,0
7.438383530044307,1,1.0,6.551080335043404,1,1,1,0,0,0,0,1,0,Queens,1,0.15694157499718592,6.434322978819192,0,0,0,0,1,0,0,0,0,0,0,0
7.696212639346407,2,1.0,6.856461984594587,0,0,0,0,0,0,0,0,0,Queens,0,2.487943053721899,9.136437889452804,1,0,0,0,0,0,0,0,0,0,1,0
7.696212639346407,1,1.0,6.396929655216146,0,0,0,0,0,0,0,0,0,Queens,1,0.12884741054765494,4.1827785479819175,1,0,1,0,0,0,0,0,0,0,0,0
7.718685495198466,2,1.0,7.1459844677143876,0,1,0,0,0,0,0,0,0,Queens,0,0.36440651695644083,6.717260336678814,0,0,0,0,1,0,0,0,0,0,0,0
8.038834757787749,2,1.0,7.003065458786462,0,0,1,0,0,0,0,0,0,Queens,1,0.08504236297198087,5.627664637458041,1,0,0,0,1,0,0,0,0,0,0,0
7.90100705199242,3,2.0,7.1308988302963465,0,0,0,0,0,0,0,0,0,Queens,0,0.9906774456987296,9.202850167251038,0,0,0,0,0,0,0,0,0,1,0,0
7.549609165154532,0,1.0,6.304448802421981,0,0,0,0,0,0,0,0,0,Queens,0,0.28311968113435065,4.502082105615132,0,0,1,0,0,0,0,0,0,0,0,0
7.313220387090301,0,1.0,6.396929655216146,0,1,0,1,0,0,0,1,0,Queens,1,0.670164161775198,8.663603154619686,0,0,0,0,0,0,0,0,0,0,1,0
7.783224016336037,2,1.0,6.907755278982137,0,0,1,0,0,0,0,0,0,Queens,1,0.4435041641629165,7.04430642822528,0,0,0,0,1,0,0,0,0,0,0,0
7.824046010856292,2,1.0,6.907755278982137,0,0,0,0,0,0,0,0,0,Queens,0,0.6829770974944176,6.3843161955188785,0,0,0,0,1,0,0,0,0,0,0,0
7.740229524763182,2,1.0,6.684611727667927,0,0,0,0,0,0,0,0,0,Queens,0,0.3634838085485842,5.133196437367207,1,0,0,0,1,0,0,0,0,0,0,0
7.660585461703256,3,1.0,6.906754778648554,0,0,0,0,0,0,0,0,0,Queens,0,0.3634838085485842,5.133196437367207,1,0,0,0,1,0,0,0,0,0,0,0
7.495541943884256,1,1.0,6.476972362889683,0,0,0,1,0,0,0,0,0,Queens,0,0.8402125814685837,3.1952819510599997,0,0,1,0,0,0,0,0,0,0,0,0
7.4673710669175595,1,1.0,6.620073206530356,0,0,0,0,0,0,0,0,0,Queens,1,0.20926745865858584,8.308567037112418,0,0,0,0,0,0,0,0,0,1,0,0
8.160518247477505,3,1.0,7.313220387090301,0,0,0,0,0,0,0,0,0,Queens,0,0.8192683194527612,10.143433988597948,0,0,0,0,0,0,0,0,0,1,0,0
7.824046010856292,0,1.0,5.991464547107982,0,1,0,1,0,0,0,1,0,Queens,1,0.15731459887591076,3.6976827770194864,1,0,1,0,0,0,0,0,0,0,0,0
8.63550941823428,2,2.0,6.856461984594587,0,0,1,0,0,0,0,1,0,Queens,0,0.06361951922508911,2.3729249765377323,0,0,1,0,0,0,0,0,0,0,0,0
7.937374696163295,3,1.5,7.003065458786462,0,0,0,0,0,0,0,0,0,Queens,1,0.2862000310450328,3.8766073236840475,1,0,1,0,0,0,0,0,0,0,0,0
8.160518247477505,3,2.0,6.907755278982137,0,0,0,0,0,0,0,0,0,Queens,0,0.09068802255297007,5.9088930844236565,0,0,0,0,1,0,0,0,0,0,0,0
7.8628820346414905,2,1.0,6.620073206530356,0,0,0,1,0,0,0,0,0,Queens,1,0.3637833824662487,5.900786144519422,1,0,0,0,1,0,0,0,0,0,0,0
7.4673710669175595,1,1.0,6.684611727667927,0,0,0,0,1,0,0,1,0,Queens,0,0.42177840290217855,8.667334003878853,1,0,0,0,0,0,0,0,0,0,1,0
7.4673710669175595,1,1.0,6.684611727667927,0,0,0,0,1,0,0,1,0,Queens,0,0.42177840290217855,8.667334003878853,1,0,0,0,0,0,0,0,0,0,1,0
7.696212639346407,1,1.0,6.51471269087253,0,1,0,0,0,0,0,0,0,Queens,1,0.184977011442976,4.05321074122554,1,0,1,0,0,0,0,0,0,0,0,0
7.52294091807237,2,1.0,6.856461984594587,0,0,0,1,0,0,0,0,0,Queens,0,1.1943166256876294,9.495185198112233,0,0,0,0,0,0,0,0,0,0,1,0
8.294049640102028,3,3.0,7.233455418621439,0,0,0,0,0,0,0,0,0,Queens,0,0.4974167038348046,7.305175375873962,0,0,0,0,0,0,0,0,0,1,0,0
8.160518247477505,3,1.5,7.1308988302963465,0,1,1,0,0,0,0,0,0,Queens,1,0.5468645015929736,7.436992862506832,0,0,0,0,0,0,0,0,0,1,0,0
7.8632667240095735,3,2.0,6.907755278982137,0,0,0,0,0,0,0,0,0,Queens,0,0.24505776124414955,2.8342450988257766,1,0,1,0,0,0,0,0,0,0,0,0
8.294049640102028,4,1.5,7.170119543449628,0,1,0,1,0,0,0,0,0,Queens,1,0.07297118042839276,5.427594912862372,1,0,0,0,1,0,0,0,0,0,0,0
8.342601680684194,3,1.5,6.907755278982137,0,1,0,1,0,0,0,0,0,Queens,1,0.07297118042839276,5.427594912862372,1,0,0,0,1,0,0,0,0,0,0,0
7.919356190660617,3,1.0,6.907755278982137,0,1,0,1,0,0,0,0,0,Queens,1,0.0470998642109467,5.3818743685175345,1,0,0,0,1,0,0,0,0,0,0,0
8.055157731819678,2,1.0,6.745236349484363,0,0,1,0,0,0,0,0,0,Queens,1,0.09774450388483508,3.8653873329685062,1,0,1,0,0,0,0,0,0,0,0,0
7.696212639346407,2,1.0,6.802394763324311,1,0,1,0,0,0,0,0,0,Queens,1,0.6717612840839005,6.427839364402992,0,0,0,0,1,0,0,0,0,0,0,0
8.070906088787819,2,1.0,6.684611727667927,0,1,0,0,0,0,0,1,0,Queens,1,0.26026620055864924,3.261169743355982,0,0,1,0,0,0,0,0,0,0,0,0
7.9724660159745655,2,1.0,6.684611727667927,0,0,0,0,0,0,0,0,0,Queens,1,0.5265971360149836,4.716677001337333,0,0,1,0,0,0,0,0,0,0,0,0
8.699514748210191,2,2.0,7.142827401161621,1,0,1,0,0,0,1,0,1,Queens,0,0.12334965124779192,1.7498204726627757,1,0,1,0,0,0,0,0,0,0,0,0
8.294049640102028,3,2.0,7.1098794630722715,0,0,1,0,0,0,0,0,0,Queens,0,0.38942601944722294,7.387601137936355,0,0,0,0,0,0,0,0,0,1,0,0
7.843848638152472,2,1.0,6.759835148905514,1,1,1,0,0,0,0,1,0,Queens,1,4.099951512654096,12.704597065895515,0,1,0,0,0,0,0,0,0,0,0,0
7.438383530044307,1,1.0,6.684611727667927,0,0,0,0,0,0,0,0,0,Queens,0,0.26539209896848653,5.978406134245008,0,0,0,1,0,0,0,0,0,0,0,0
8.055157731819678,3,3.0,7.3777589082278725,0,0,0,0,0,0,0,0,0,Queens,0,0.42384442824813806,8.371599021061169,0,0,0,0,0,0,0,0,0,1,0,0
8.055157731819678,2,1.0,6.684611727667927,0,0,1,0,0,0,0,0,0,Queens,1,0.1780862607230488,4.070801610486647,1,0,1,0,0,0,0,0,0,0,0,0
7.492760300922379,0,1.0,6.1903154058531475,0,1,1,0,0,0,0,1,0,Queens,1,0.4606096617079531,16.353415177621113,1,0,0,0,0,0,0,0,1,0,0,0
7.536363938404511,0,1.0,6.565264970035361,0,1,1,0,0,0,0,1,0,Queens,1,0.4606096617079531,16.353415177621113,1,0,0,0,0,0,0,0,1,0,0,0
7.536363938404511,1,1.0,6.573680166960646,0,1,1,0,0,0,0,1,0,Queens,1,0.4606096617079531,16.353415177621113,1,0,0,0,0,0,0,0,1,0,0,0
7.52294091807237,0,1.0,6.453624998892692,0,1,1,0,0,0,0,1,0,Queens,1,0.4606096617079531,16.353415177621113,1,0,0,0,0,0,0,0,1,0,0,0
7.738488122494646,2,1.5,6.907755278982137,0,1,1,0,0,0,0,1,0,Queens,1,0.4606096617079531,16.353415177621113,1,0,0,0,0,0,0,0,1,0,0,0
7.705262474866325,2,1.0,6.771935555839602,0,1,1,0,0,0,0,1,0,Queens,1,0.4606096617079531,16.353415177621113,1,0,0,0,0,0,0,0,1,0,0,0
7.52294091807237,1,1.0,6.559615237493242,0,1,1,0,0,0,0,1,0,Queens,1,0.4606096617079531,16.353415177621113,1,0,0,0,0,0,0,0,1,0,0,0
7.738488122494646,2,1.5,6.907755278982137,0,1,1,0,0,0,0,1,0,Queens,1,0.4606096617079531,16.353415177621113,1,0,0,0,0,0,0,0,1,0,0,0
7.52294091807237,1,1.0,6.6240652277998935,0,1,1,0,0,0,0,1,0,Queens,1,0.4606096617079531,16.353415177621113,1,0,0,0,0,0,0,0,1,0,0,0
8.038834757787749,4,1.0,6.882437470997847,0,0,0,0,0,0,0,0,0,Queens,0,0.12533054203014177,5.352948867173935,1,0,0,0,1,0,0,0,0,0,0,0
7.495541943884256,1,1.0,6.597145701886651,0,1,1,0,0,0,0,0,0,Queens,0,0.3202978220615854,9.400365834490014,0,0,0,0,0,0,0,0,0,1,0,0
7.919356190660617,2,1.0,6.684611727667927,0,0,0,0,0,0,0,0,0,Queens,1,0.25830530565210946,3.602342905023501,0,0,1,0,0,0,0,0,0,0,0,0
8.006367567650246,3,1.0,6.907755278982137,0,0,0,0,0,0,0,0,0,Queens,1,0.08710205106499862,3.544810250856182,0,0,1,0,0,0,0,0,0,0,0,0
7.731930721948486,2,1.0,6.620073206530356,0,0,0,0,0,0,0,0,0,Queens,1,0.05606951119834999,3.5473977662752163,0,0,1,0,0,0,0,0,0,0,0,0
7.598399329323964,1,1.0,6.620073206530356,0,0,0,0,0,0,0,1,0,Queens,1,0.2192772049427423,9.45785934240251,0,0,0,0,0,0,0,0,0,1,0,0
7.509335266016592,1,1.0,6.551080335043404,0,0,0,1,0,0,0,1,0,Queens,1,0.6874918435266473,3.4279809718687844,0,0,1,0,0,0,0,0,0,0,0,0
7.5883236773352225,1,1.0,6.620073206530356,0,0,0,1,0,0,1,0,1,Queens,1,2.875593026996636,11.218814128443906,1,0,0,0,0,0,0,0,0,0,1,0
7.729735331385051,2,1.0,6.715383386334681,0,0,0,1,0,0,1,0,1,Queens,1,2.875593026996636,11.218814128443906,1,0,0,0,0,0,0,0,0,0,1,0
7.362010551259734,0,1.0,6.163314804034641,0,0,0,1,0,0,1,0,1,Queens,1,2.875593026996636,11.218814128443906,1,0,0,0,0,0,0,0,0,0,1,0
7.783224016336037,2,2.0,6.932447891572509,0,1,0,0,0,0,0,1,0,Queens,1,0.238244861123882,6.948655286050643,0,0,0,0,1,0,0,0,0,0,0,0
7.955074273262696,3,1.0,6.907755278982137,0,0,0,0,0,0,0,0,0,Queens,0,0.18633523008181468,15.896040184780547,1,0,0,0,0,0,0,0,1,0,0,0
7.6255950721324535,2,1.0,6.856461984594587,0,1,1,0,0,0,0,0,0,Queens,0,0.4353624894392556,5.0614677194340585,0,0,0,0,1,0,0,0,0,0,0,0
7.919356190660617,2,2.0,6.882437470997847,1,1,1,0,0,0,0,1,0,Queens,1,0.5937182376182484,8.481575218540543,0,0,0,0,0,0,0,0,0,0,1,0
7.351479099207392,1,1.0,6.620073206530356,1,0,1,0,0,0,0,1,0,Queens,1,0.2647077131563887,5.983628486772275,1,0,0,1,0,0,0,0,0,0,0,0
7.783224016336037,2,1.0,6.6895992691789665,0,0,0,0,0,0,0,0,0,Queens,0,1.2098418350094349,5.168971749768596,0,0,0,1,0,0,0,0,0,0,0,0
7.718685495198466,3,1.0,7.090076835776092,0,0,0,0,0,0,0,0,0,Queens,0,0.21572131760961114,8.947554121597365,0,0,0,0,0,0,0,0,0,1,0,0
7.882314918980268,1,1.0,6.620073206530356,0,0,0,1,0,0,0,0,0,Queens,0,0.11198844227397078,3.836178823615798,0,0,1,0,0,0,0,0,0,0,0,0
7.59890045687141,2,1.0,6.856461984594587,0,0,0,1,0,0,0,1,0,Queens,0,0.25051549420022723,9.517822716128796,1,0,0,0,0,0,0,0,0,1,0,0
7.423568444259167,2,1.0,6.684611727667927,0,0,0,0,0,0,0,0,0,Queens,0,1.0271939230576657,9.614981162509462,0,0,0,0,0,0,0,0,0,0,1,0
7.43543801981455,1,1.0,6.309918278226516,0,0,0,0,0,0,0,0,0,Queens,0,0.7947509682335754,9.507965337101853,0,0,0,0,0,0,0,0,0,1,0,0
7.7406644019172415,2,1.0,6.551080335043404,1,0,1,0,0,0,0,0,0,Queens,1,4.072097807366027,14.529802483047506,0,1,0,0,0,0,0,0,0,0,0,0
7.696212639346407,2,1.0,6.802394763324311,0,0,0,0,0,0,0,0,0,Queens,1,0.14007985529833114,5.450145945023146,0,0,0,0,1,0,0,0,0,0,0,0
7.882314918980268,2,1.0,6.856461984594587,0,0,0,0,0,0,0,0,0,Queens,0,0.2272116999576151,3.5981538486556546,0,0,1,0,0,0,0,0,0,0,0,0
7.90100705199242,1,1.0,6.551080335043404,0,0,0,0,0,0,0,0,0,Queens,1,0.17273518429619286,3.803611593708537,0,0,1,0,0,0,0,0,0,0,0,0
7.8632667240095735,1,1.0,6.551080335043404,0,1,0,1,0,0,0,0,0,Queens,1,0.39473109769232906,3.6251242181269925,1,0,1,0,0,0,0,0,0,0,0,0
7.649692623711514,2,1.0,6.684611727667927,0,0,0,1,0,0,0,0,0,Queens,0,0.22939104094375598,5.9948472313871175,0,0,0,1,0,0,0,0,0,0,0,0
8.039157390473237,2,1.0,6.684611727667927,0,0,0,0,0,0,0,0,0,Queens,0,0.12253330670888894,3.602872330153229,1,0,1,0,0,0,0,0,0,0,0,0
8.281470857895167,4,2.5,7.824046010856292,0,0,1,0,0,0,0,0,0,Queens,1,1.7855287685371795,10.074763735575639,0,0,0,0,0,0,0,0,0,0,1,0
7.329749689041512,0,1.0,6.1092475827643655,0,0,0,1,0,0,0,0,0,Queens,0,1.1927222883087618,5.200162869680379,0,0,0,1,0,0,0,0,0,0,0,0
7.937374696163295,1,1.0,6.551080335043404,1,1,0,1,0,0,0,1,0,Queens,1,0.15415105735210938,3.741826537561875,1,0,1,0,0,0,0,0,0,0,0,0
7.637716432664798,0,0.0,6.148468295917647,0,0,0,1,0,0,1,1,1,Queens,0,0.37801695118032197,6.5832741484952715,0,0,0,1,0,0,0,0,0,0,0,0
7.5406215286571525,1,1.0,6.576469569048224,0,0,0,1,0,0,1,1,1,Queens,0,0.37801695118032197,6.5832741484952715,0,0,0,1,0,0,0,0,0,0,0,0
7.545918151209323,1,1.0,6.569481420414296,0,0,0,1,0,0,1,1,1,Queens,0,0.37801695118032197,6.5832741484952715,0,0,0,1,0,0,0,0,0,0,0,0
7.988882253309227,3,3.0,7.150701457592526,0,0,0,1,0,0,1,1,1,Queens,0,0.37801695118032197,6.5832741484952715,0,0,0,1,0,0,0,0,0,0,0,0
7.539027055823995,1,1.0,6.464588303689961,0,0,0,1,0,0,1,1,1,Queens,0,0.37801695118032197,6.5832741484952715,0,0,0,1,0,0,0,0,0,0,0,0
7.579678823090456,0,0.0,6.192362489474872,0,0,0,1,0,0,1,1,1,Queens,0,0.37801695118032197,6.5832741484952715,0,0,0,1,0,0,0,0,0,0,0,0
7.563200592358071,0,0.0,6.148468295917647,0,0,0,1,0,0,1,1,1,Queens,0,0.37801695118032197,6.5832741484952715,0,0,0,1,0,0,0,0,0,0,0,0
7.789868559054706,2,2.0,6.981934677156389,0,0,0,1,0,0,1,1,1,Queens,0,0.37801695118032197,6.5832741484952715,0,0,0,1,0,0,0,0,0,0,0,0
7.839525581704678,2,2.0,6.981934677156389,0,0,0,1,0,0,1,1,1,Queens,0,0.37801695118032197,6.5832741484952715,0,0,0,1,0,0,0,0,0,0,0,0
7.81156848934518,2,2.0,6.9782137426306985,0,0,0,1,0,0,1,1,1,Queens,0,0.37801695118032197,6.5832741484952715,0,0,0,1,0,0,0,0,0,0,0,0
7.824046010856292,3,1.5,7.313220387090301,0,0,0,0,0,0,0,0,0,Queens,0,1.9209242956981862,9.662804517312576,0,0,0,0,0,0,0,0,0,0,1,0
7.475905969367397,2,1.0,6.856461984594587,0,0,0,1,0,0,0,1,0,Queens,0,0.3338466140015283,16.22257948525819,1,0,0,0,0,0,0,0,1,0,0,0
7.8632667240095735,2,1.5,6.802394763324311,0,0,1,0,0,0,0,1,1,Queens,1,0.09293008003546976,6.451069170913161,0,0,0,0,1,0,0,0,0,0,0,0
8.006367567650246,0,1.0,7.090076835776092,0,1,0,0,0,0,0,0,0,Queens,0,0.7350236715359549,11.08512723818479,1,0,0,0,0,1,0,0,0,0,0,0
7.762170607138205,2,1.0,7.090076835776092,0,0,0,0,0,0,0,0,0,Queens,0,1.2217053377879852,4.715140448001502,0,0,0,0,1,0,0,0,0,0,0,0
7.843848638152472,3,2.0,6.907755278982137,0,0,0,0,0,0,0,0,0,Queens,0,0.9012655556738517,11.844419600949257,0,0,0,0,0,0,0,1,0,0,0,0
7.783224016336037,2,1.0,6.802394763324311,0,0,0,0,0,0,0,0,0,Queens,0,1.0037062533714893,9.804472571365013,0,0,0,0,0,0,0,0,0,0,1,0
7.882314918980268,2,1.0,6.769641976852503,0,0,0,0,0,0,0,0,0,Queens,0,1.718262939740239,7.824290346847932,0,0,0,1,0,0,0,0,0,0,0,0
8.318742252692399,4,2.5,7.600902459542082,0,1,1,0,0,0,1,0,1,Queens,1,3.2262444175720866,11.246677401215674,0,0,0,0,0,0,0,0,0,0,1,0
8.294049640102028,4,2.0,7.27931883541462,0,1,1,0,0,0,0,0,0,Queens,1,0.24123817918788013,5.642479255002403,1,0,0,0,1,0,0,0,0,0,0,0
8.294049640102028,4,2.0,7.27931883541462,0,1,1,0,0,0,0,0,0,Queens,1,0.24123817918788013,5.642479255002403,1,0,0,0,1,0,0,0,0,0,0,0
7.937374696163295,3,1.0,7.824046010856292,0,0,0,0,0,0,0,0,0,Queens,0,4.103307133874012,14.735478942998956,1,0,0,0,0,1,0,0,0,0,0,0
7.783224016336037,2,1.5,6.907755278982137,0,0,0,1,0,0,0,1,1,Queens,0,0.3470269333244141,7.201463382802819,0,0,0,0,0,0,0,0,0,1,0,0
7.696212639346407,2,1.0,6.907755278982137,0,0,0,0,0,0,0,0,0,Queens,0,0.1848300439082719,8.680271072957622,0,0,0,0,0,0,0,0,0,1,0,0
7.882314918980268,1,1.0,6.551080335043404,0,1,0,1,0,0,0,1,0,Queens,1,0.23153196801655726,3.859542225884002,0,0,1,0,0,0,0,0,0,0,0,0
8.101677747454572,3,1.5,7.003065458786462,0,1,0,0,0,0,0,0,0,Queens,1,0.17431222630837004,3.701265614069496,0,0,1,0,0,0,0,0,0,0,0,0
7.27931883541462,0,1.0,5.991464547107982,0,0,0,0,0,0,0,0,0,Queens,1,0.42549568085730627,10.289014572447055,0,0,0,0,0,0,0,0,0,1,0,0
7.937374696163295,1,1.0,6.51471269087253,0,1,0,1,0,0,0,1,0,Queens,1,0.08218217521342168,4.173965180556599,1,0,1,0,0,0,0,0,0,0,0,0
7.937374696163295,1,1.0,6.51471269087253,0,1,0,1,0,0,0,1,0,Queens,1,0.08218217521342168,4.173965180556599,1,0,1,0,0,0,0,0,0,0,0,0
7.900636613018005,3,1.0,7.0967213784947605,0,0,0,1,0,0,0,0,0,Queens,0,1.5397116859887243,12.278823557937876,0,0,0,0,0,0,0,1,0,0,0,0
7.90100705199242,2,3.0,7.003065458786462,0,0,0,0,0,0,0,0,0,Queens,0,0.2657673620056338,8.37709056633882,0,0,0,0,0,0,0,0,0,0,1,0
7.937374696163295,1,1.0,6.551080335043404,0,1,0,1,0,0,0,1,0,Queens,1,0.25734662962844335,3.724592716759033,1,0,1,0,0,0,0,0,0,0,0,0
8.1886891244442,4,4.0,7.438383530044307,1,0,1,0,0,0,0,0,1,Queens,1,1.828061626220209,10.157527858632886,1,0,0,0,0,0,0,0,0,0,1,0
7.422373700986824,1,1.0,6.327936783729195,0,1,0,1,0,0,0,1,1,Queens,0,0.10106210158522824,15.264294438110527,0,0,0,0,0,0,0,0,1,0,0,0
7.2254814727822945,0,0.0,6.040254711277414,0,1,0,1,0,0,0,1,1,Queens,0,0.10106210158522824,15.264294438110527,0,0,0,0,0,0,0,0,1,0,0,0
7.696212639346407,2,1.0,6.745236349484363,0,0,0,0,0,0,0,0,0,Queens,0,0.15602142289193283,5.673250480920564,1,0,0,0,1,0,0,0,0,0,0,0
7.824046010856292,2,1.0,6.907755278982137,0,0,0,0,0,0,1,1,0,Queens,0,0.22609561761381813,6.922710200000483,0,0,0,0,1,0,0,0,0,0,0,0
7.882314918980268,3,1.0,6.7912214627261855,0,0,0,0,0,0,0,0,0,Queens,0,0.32572111710640894,6.002853633845635,1,0,0,0,1,0,0,0,0,0,0,0
7.495541943884256,1,1.0,6.093569770045136,0,1,0,0,0,0,0,0,1,Queens,1,2.7302004060929717,12.232134408416382,0,0,0,0,0,0,0,1,0,0,0,0
7.823645930834952,3,1.5,6.907755278982137,0,0,1,0,0,0,0,0,0,Queens,1,0.1866445458619972,5.277776503393249,1,0,0,0,1,0,0,0,0,0,0,0
7.673223121121708,1,1.0,6.476972362889683,0,0,1,0,0,0,0,0,0,Queens,1,0.30929200677123275,3.9602472113820215,1,0,1,0,0,0,0,0,0,0,0,0
7.955074273262696,3,1.0,6.866933284461882,0,0,1,0,0,0,0,0,0,Queens,1,0.5073819937274773,4.3635225570385225,0,0,1,0,0,0,0,0,0,0,0,0
7.9724660159745655,3,1.0,6.856461984594587,0,0,1,0,0,0,0,0,0,Queens,1,0.5073819937274773,4.3635225570385225,0,0,1,0,0,0,0,0,0,0,0,0
8.268731832117737,2,2.0,7.170119543449628,0,1,1,0,0,0,0,0,1,Queens,0,0.2493103075727915,8.325717997981029,0,0,0,0,0,0,0,0,0,1,0,0
8.516192691082654,3,2.0,7.090076835776092,0,1,1,0,0,0,0,0,0,Queens,1,0.05355696057091378,3.3559564416459358,1,0,1,0,0,0,0,0,0,0,0,0
8.242493153187626,4,1.5,7.090076835776092,0,1,0,1,0,0,0,0,0,Queens,1,0.24226820261216606,5.088148419811494,1,0,0,0,1,0,0,0,0,0,0,0
7.762170607138205,2,2.0,6.745236349484363,1,0,1,0,0,0,0,0,0,Queens,1,0.5849987292492379,8.586526813701303,0,0,0,0,0,0,0,0,0,0,1,0
7.843848638152472,3,2.0,6.907755278982137,0,0,0,0,0,0,0,0,0,Queens,0,0.26729813873209346,16.03153029955096,0,0,0,0,0,0,0,0,1,0,0,0
7.600902459542082,2,1.0,6.882437470997847,0,0,0,0,0,0,0,0,0,Queens,0,1.1037769455683744,9.430478345870787,0,0,0,0,0,0,0,0,0,1,0,0
7.824046010856292,2,1.0,7.090076835776092,0,1,1,0,0,0,0,0,0,Queens,1,0.3351774886778428,7.028458527643974,1,0,0,0,1,0,0,0,0,0,0,0
8.006367567650246,3,2.0,7.166265974133638,0,1,1,0,0,0,0,0,0,Queens,1,0.3351774886778428,7.028458527643974,1,0,0,0,1,0,0,0,0,0,0,0
7.783224016336037,1,1.0,6.551080335043404,0,1,1,0,0,0,0,1,0,Queens,1,0.62110311809051,3.5342966026744858,1,0,1,0,0,0,0,0,0,0,0,0
7.600902459542082,2,1.0,6.906754778648554,0,0,0,0,0,0,0,0,0,Queens,0,0.15602142289193283,5.673250480920564,1,0,0,0,1,0,0,0,0,0,0,0
7.649692623711514,2,1.0,6.906754778648554,0,0,0,0,0,0,0,0,0,Queens,0,0.15602142289193283,5.673250480920564,1,0,0,0,1,0,0,0,0,0,0,0
6.907755278982137,1,1.0,5.10594547390058,0,0,0,0,0,0,0,0,0,Queens,0,0.07053652567151003,11.12320415773862,0,0,0,0,0,0,0,0,0,1,0,0
8.006367567650246,3,1.0,6.856461984594587,0,0,0,0,0,0,0,0,0,Queens,1,0.13112149649435442,3.3938283456470937,0,0,1,0,0,0,0,0,0,0,0,0
7.824046010856292,3,1.0,6.396929655216146,0,0,1,0,0,0,0,0,0,Queens,1,1.302784832837191,10.97400664450369,0,0,0,0,0,1,0,0,0,0,0,0
7.414572881350589,1,1.0,6.476972362889683,0,0,0,0,0,0,0,0,0,Queens,0,0.6872184423947758,6.850789283327523,0,0,0,1,0,0,0,0,0,0,0,0
8.070906088787819,2,1.0,6.856461984594587,0,0,1,0,0,0,0,0,0,Queens,1,0.2705280907894819,3.9347234284412504,1,0,1,0,0,0,0,0,0,0,0,0
7.783224016336037,2,1.0,6.684611727667927,0,0,0,1,0,0,0,0,0,Queens,1,2.778602562187215,12.212242425806476,0,0,0,0,0,0,0,1,0,0,0,0
7.90100705199242,3,1.0,7.090076835776092,0,0,0,0,0,0,0,0,0,Queens,0,1.239558746942016,12.257360821374958,0,0,0,0,0,0,0,1,0,0,0,0
7.7406644019172415,2,1.0,6.684611727667927,0,0,0,0,0,0,0,0,0,Queens,0,0.09190130989503836,4.145104046124468,0,0,1,0,0,0,0,0,0,0,0,0
7.783224016336037,2,1.0,6.802394763324311,0,0,0,0,0,0,0,0,1,Queens,0,0.1666441845657145,3.856049612777779,0,0,1,0,0,0,0,0,0,0,0,0
7.937374696163295,3,2.0,7.003065458786462,0,0,0,0,0,0,0,0,0,Queens,0,1.6258487655829437,11.945647932323425,0,0,0,0,0,1,0,0,0,0,0,0
7.549609165154532,1,1.0,6.745236349484363,0,0,0,1,0,0,0,1,0,Queens,1,0.0395375035149981,6.78759284641644,0,0,0,0,1,0,0,0,0,0,0,0
8.465899897028686,3,2.0,6.907755278982137,0,1,0,1,0,0,0,1,1,Queens,1,0.13531064919727268,3.415649285319703,1,0,1,0,0,0,0,0,0,0,0,0
7.919356190660617,2,1.0,6.802394763324311,0,0,0,0,0,0,0,0,0,Queens,0,0.40044356846508794,4.076245059199702,0,0,1,0,0,0,0,0,0,0,0,0
7.8632667240095735,1,1.0,6.684611727667927,1,1,1,0,0,1,1,1,1,Queens,1,0.32515665012695405,7.977872884608666,0,0,0,0,0,0,0,0,0,0,1,0
8.101677747454572,2,2.0,7.003065458786462,1,1,1,0,0,1,1,1,1,Queens,1,0.32515665012695405,7.977872884608666,0,0,0,0,0,0,0,0,0,0,1,0
8.202208436436448,2,1.0,6.684611727667927,1,1,0,1,0,0,0,1,0,Queens,1,0.16352974943417087,5.534207243796597,1,0,0,0,1,0,0,0,0,0,0,0
8.055157731819678,2,1.0,6.745236349484363,0,0,1,0,0,0,0,0,0,Queens,1,0.24946785522912215,3.9079431286056288,1,0,1,0,0,0,0,0,0,0,0,0
7.649692623711514,1,1.0,6.551080335043404,0,1,0,1,0,0,0,1,0,Queens,1,0.09541553218257302,6.91290366152033,1,0,0,0,1,0,0,0,0,0,0,0
8.006367567650246,1,1.0,6.551080335043404,0,0,0,0,0,0,0,0,0,Queens,1,0.23078168403577184,3.6873090552883534,0,0,1,0,0,0,0,0,0,0,0,0
8.174702882469461,3,1.0,7.003065458786462,0,1,0,1,0,0,0,0,0,Queens,1,0.12190244797581958,3.4447377199084026,0,0,1,0,0,0,0,0,0,0,0,0
7.919356190660617,2,1.0,6.745236349484363,0,0,0,0,0,0,0,0,0,Queens,1,0.38174315220688715,4.273068258396613,1,0,1,0,0,0,0,0,0,0,0,0
7.824046010856292,3,1.0,6.907755278982137,0,0,0,0,0,0,0,0,0,Queens,0,0.3929277251778941,14.606702333437545,0,0,0,0,0,0,0,0,1,0,0,0
7.8628820346414905,0,1.0,6.4457198193855785,0,0,0,0,0,0,0,0,0,Queens,0,0.19664649845467155,5.579029907628784,1,0,0,0,1,0,0,0,0,0,0,0
7.4673710669175595,1,1.0,6.437751649736401,0,0,0,1,0,0,0,0,0,Queens,1,0.5173627970408744,8.861629574992754,0,0,0,0,0,0,0,0,0,1,0,0
7.824046010856292,2,1.0,6.684611727667927,1,0,1,0,0,0,0,0,0,Queens,1,0.17799014441078684,3.8562923211712863,0,0,1,0,0,0,0,0,0,0,0,0
7.937017489515454,2,2.0,6.802394763324311,0,1,1,0,0,0,0,1,1,Queens,1,0.09293008003546976,6.451069170913161,0,0,0,0,1,0,0,0,0,0,0,0
7.8582541821860294,2,1.0,6.835184586147301,0,0,1,0,0,0,0,0,0,Queens,1,4.213312377919779,12.584036868920037,0,1,0,0,0,0,0,0,0,0,0,0
7.600902459542082,2,1.0,6.802394763324311,0,0,0,0,0,0,0,0,0,Queens,0,1.9750467789249024,8.311933968229853,0,0,0,1,0,0,0,0,0,0,0,0
8.055157731819678,2,1.0,6.745236349484363,0,0,1,0,0,0,0,0,0,Queens,1,0.15901723961291764,3.9357324576204946,1,0,1,0,0,0,0,0,0,0,0,0
7.600902459542082,3,1.0,8.06777619577889,0,0,0,0,0,0,0,0,0,Queens,0,0.34476668218072853,9.77853961731566,0,0,0,0,0,0,0,0,0,1,0,0
7.51425465281641,0,0.0,4.804021044733257,1,0,0,1,1,0,1,0,1,Queens,1,0.02552618537207155,2.695417749016031,0,0,1,0,0,0,0,0,0,0,0,0
7.160845906664299,0,0.0,4.882801922586371,1,0,0,1,1,0,1,0,1,Queens,1,0.02552618537207155,2.695417749016031,0,0,1,0,0,0,0,0,0,0,0,0
7.4999765409521215,0,0.0,4.882801922586371,1,0,0,1,1,0,1,0,1,Queens,1,0.02552618537207155,2.695417749016031,0,0,1,0,0,0,0,0,0,0,0,0
7.1276936993473985,0,0.0,4.406719247264253,1,0,0,1,1,0,1,0,1,Queens,1,0.02552618537207155,2.695417749016031,0,0,1,0,0,0,0,0,0,0,0,0
7.90100705199242,1,1.0,6.551080335043404,0,1,0,1,0,0,0,0,0,Queens,1,0.36736283379420137,3.930685376897289,0,0,1,0,0,0,0,0,0,0,0,0
7.783224016336037,2,1.0,6.68586094706836,0,0,0,1,0,0,0,0,0,Queens,0,0.27180244996656905,4.63517737202335,0,0,1,0,0,0,0,0,0,0,0,0
7.549609165154532,1,1.0,6.354370040797351,0,0,0,1,0,0,0,0,0,Queens,0,0.27180244996656905,4.63517737202335,0,0,1,0,0,0,0,0,0,0,0,0
7.823645930834952,3,1.0,7.090076835776092,1,0,1,0,0,0,0,0,0,Queens,1,0.09447151038786526,9.137212429502261,0,0,0,0,0,0,0,0,0,1,0,0
7.598399329323964,2,1.0,6.620073206530356,0,0,0,0,0,0,0,0,0,Queens,0,0.14884650646499772,5.950037464060118,0,0,0,0,1,0,0,0,0,0,0,0
7.7406644019172415,1,1.0,6.551080335043404,0,0,1,0,0,0,0,0,0,Queens,1,0.5020188201149809,3.4212689347709544,1,0,1,0,0,0,0,0,0,0,0,0
7.5883236773352225,1,1.0,6.551080335043404,1,0,1,0,0,0,0,0,0,Queens,1,0.09154529646652926,5.35366737061967,1,0,0,1,0,0,0,0,0,0,0,0
7.718685495198466,2,2.0,6.684611727667927,0,0,0,0,0,0,0,0,0,Queens,0,0.15539225985936503,5.676014557339167,1,0,0,0,1,0,0,0,0,0,0,0
7.7406644019172415,2,1.0,6.684611727667927,0,0,0,0,0,0,0,0,0,Queens,0,1.3899158239721463,11.175573199891316,0,0,0,0,0,0,0,0,0,1,0,0
7.600902459542082,1,1.0,6.745236349484363,0,1,0,0,0,0,0,0,0,Queens,0,0.06774229181333796,7.831881573113213,1,0,0,0,0,0,0,0,0,1,0,0
7.783224016336037,2,1.0,6.802394763324311,0,1,0,0,0,0,0,0,0,Queens,0,0.06774229181333796,7.831881573113213,1,0,0,0,0,0,0,0,0,1,0,0
7.696212639346407,2,1.0,6.802394763324311,0,0,0,0,0,0,0,0,0,Queens,0,3.0048493169564297,13.68639159533277,0,1,0,0,0,0,0,0,0,0,0,0
7.492760300922379,1,1.0,6.51471269087253,0,1,0,1,0,0,0,1,1,Queens,1,0.08948962387022279,3.3835551506214996,0,0,1,0,0,0,0,0,0,0,0,0
7.673223121121708,2,1.0,6.684611727667927,0,1,0,1,0,0,0,1,1,Queens,1,0.08948962387022279,3.3835551506214996,0,0,1,0,0,0,0,0,0,0,0,0
7.937374696163295,3,2.0,7.090076835776092,0,0,0,0,0,0,0,0,0,Queens,0,2.8122342724843232,10.810256043850979,0,0,0,0,0,0,0,0,0,0,1,0
7.495541943884256,1,1.0,6.476972362889683,0,0,0,0,0,0,0,0,0,Queens,0,0.08057805271693455,5.592884011451235,0,0,0,0,1,0,0,0,0,0,0,0
7.718685495198466,2,2.0,7.090076835776092,0,0,0,0,0,0,0,0,0,Queens,0,0.24117689674274753,10.0731281116234,0,0,0,0,0,0,0,0,0,1,0,0
8.006367567650246,3,2.0,7.824046010856292,0,0,0,1,0,0,0,0,0,Queens,0,0.1559515069066879,14.815421548048851,0,0,0,0,0,0,0,0,1,0,0,0
8.070906088787819,2,2.0,6.907755278982137,0,0,0,0,0,0,0,0,0,Queens,0,2.0958218636435544,7.1586575665045,0,0,0,1,0,0,0,0,0,0,0,0
7.783224016336037,2,1.0,6.709304340258298,0,0,0,0,0,0,0,0,0,Queens,0,0.3414538588527191,4.369677235662283,0,0,1,0,0,0,0,0,0,0,0,0
8.318742252692399,2,2.0,7.090076835776092,0,1,0,0,0,0,0,0,0,Queens,1,0.6513573897267759,3.183921359954837,0,0,1,0,0,0,0,0,0,0,0,0
8.1886891244442,1,1.0,6.396929655216146,0,1,1,0,0,0,0,0,0,Queens,1,0.12538494106402434,1.9671542719854251,1,0,1,0,0,0,0,0,0,0,0,0
7.937374696163295,4,2.0,7.2078598714324755,0,0,0,0,0,0,0,0,0,Queens,0,1.1545624853736751,8.871570303477782,0,0,0,0,0,0,0,0,0,0,1,0
7.824046010856292,2,1.0,6.802394763324311,0,1,0,0,0,0,0,0,0,Queens,0,0.23205247297048198,14.104816623412939,0,0,0,0,0,0,1,0,0,0,0,0
8.070906088787819,3,2.0,7.090076835776092,0,0,0,0,0,0,0,0,0,Queens,0,2.2799864932242335,10.68805446918839,0,0,0,0,0,0,0,0,0,0,1,0
7.937374696163295,2,1.0,6.907755278982137,1,1,0,0,0,0,0,0,0,Queens,0,0.3190925446513054,8.946017142088634,1,0,0,0,0,0,0,0,0,1,0,0
7.8632667240095735,3,1.5,7.090076835776092,0,0,1,0,0,0,0,0,0,Queens,0,3.1133538612338016,11.19365863126947,0,0,0,0,0,0,0,0,0,0,1,0
7.762170607138205,1,1.0,6.476972362889683,1,1,0,1,0,0,1,1,1,Queens,1,0.22724527044602566,7.507225252744276,1,0,0,0,0,0,0,0,0,1,0,0
7.803843303538772,1,1.0,6.476972362889683,0,0,0,0,0,0,0,0,0,Queens,1,0.36939452621639135,4.506220563869235,0,0,1,0,0,0,0,0,0,0,0,0
7.575584651557793,1,1.0,6.620073206530356,0,0,0,0,0,0,0,0,0,Queens,0,0.401156231806196,6.195757288701345,1,0,0,0,1,0,0,0,0,0,0,0
7.575584651557793,1,1.0,6.659293919683638,0,1,0,0,0,0,0,0,0,Queens,0,0.7850428654091706,7.34268301986672,0,0,0,0,0,0,0,0,0,1,0,0
8.006367567650246,2,1.0,6.684611727667927,0,0,0,0,0,0,0,0,0,Queens,1,0.04921822298497224,2.2183684582172387,1,0,1,0,0,0,0,0,0,0,0,0
7.7406644019172415,2,1.0,6.684611727667927,0,0,0,0,0,0,0,0,0,Queens,0,0.1476172422949018,4.114525040629732,1,0,1,0,0,0,0,0,0,0,0,0
7.600902459542082,1,1.0,6.052089168924417,1,0,1,0,0,0,0,0,0,Queens,1,0.45210773814529437,8.790704503448255,0,0,0,0,0,0,0,0,0,0,1,0
8.006367567650246,3,1.0,6.907755278982137,0,0,0,0,0,0,0,0,0,Queens,1,0.15437051271815522,3.595968913868817,0,0,1,0,0,0,0,0,0,0,0,0
7.90100705199242,2,1.0,6.715383386334681,0,1,0,1,0,0,0,1,0,Queens,1,0.09659726178498883,3.75225210651922,0,0,1,0,0,0,0,0,0,0,0,0
7.989560449333865,3,1.5,6.856461984594587,0,0,0,0,0,0,0,0,0,Queens,0,0.8128166853227443,5.323115891598425,0,0,0,1,0,0,0,0,0,0,0,0
7.438383530044307,1,1.0,6.745236349484363,0,0,0,1,0,0,0,1,0,Queens,0,0.4494916044324483,14.369266634234402,0,0,0,0,0,0,1,0,0,0,0,0
7.7406644019172415,2,1.0,6.745236349484363,0,0,0,0,0,0,0,0,0,Queens,0,0.14627794900267788,4.149508030262699,0,0,1,0,0,0,0,0,0,0,0,0
7.955074273262696,1,1.0,6.551080335043404,0,0,0,0,0,0,0,0,0,Queens,0,0.14627794900267788,4.149508030262699,0,0,1,0,0,0,0,0,0,0,0,0
7.90100705199242,3,1.0,6.906754778648554,0,0,0,0,0,0,0,0,0,Queens,0,0.07289977758552427,5.832960419364148,1,0,0,0,1,0,0,0,0,0,0,0
7.783224016336037,3,1.0,6.906754778648554,0,0,0,0,0,0,0,0,0,Queens,0,0.21856386939579514,5.327307874269038,1,0,0,0,1,0,0,0,0,0,0,0
8.039157390473237,2,2.0,6.907755278982137,0,0,0,0,0,0,0,0,0,Queens,1,0.15297541139119814,3.7290699848120283,0,0,1,0,0,0,0,0,0,0,0,0
7.29641326877392,1,1.0,6.907755278982137,0,0,0,1,0,0,0,1,0,Queens,0,0.18335930548738696,6.9659942171598335,1,0,0,0,1,0,0,0,0,0,0,0
7.438383530044307,0,1.0,6.684611727667927,0,1,0,0,0,0,0,0,0,Queens,0,0.2004868334119311,5.424653571368186,0,0,0,0,1,0,0,0,0,0,0,0
8.055157731819678,2,1.0,6.745236349484363,0,1,1,0,0,0,0,0,0,Queens,1,0.3459270067128775,3.951622622932716,1,0,1,0,0,0,0,0,0,0,0,0
7.8632667240095735,3,2.0,6.907755278982137,0,0,0,0,0,0,0,0,0,Queens,1,1.1130719083021943,6.3671776169736445,0,0,0,1,0,0,0,0,0,0,0,0
7.598399329323964,2,1.0,6.980075940561763,0,0,0,1,0,0,0,0,0,Queens,1,0.22007971800837334,9.477988077367623,1,0,0,0,0,0,0,0,0,1,0,0
7.600902459542082,2,1.0,6.551080335043404,0,0,0,0,0,0,0,0,0,Queens,0,0.19541435194823903,3.515437312527239,0,0,1,0,0,0,0,0,0,0,0,0
7.783224016336037,2,1.0,6.396929655216146,0,0,0,0,0,0,0,0,0,Queens,0,0.07702781834293004,3.835673120773753,0,0,1,0,0,0,0,0,0,0,0,0
8.006367567650246,3,2.0,7.110696122978827,0,0,0,0,0,0,0,0,0,Queens,0,1.3433684836434043,10.170469505483574,0,0,0,0,0,0,0,0,0,0,1,0
8.054840221101024,4,2.0,7.003065458786462,0,1,1,0,0,0,0,0,0,Queens,1,0.12967742152684286,5.356915274192482,1,0,0,0,1,0,0,0,0,0,0,0
7.852050207265889,4,1.0,6.906754778648554,0,0,0,0,0,0,0,0,0,Queens,0,0.10728064815189042,5.365227539788954,1,0,0,0,1,0,0,0,0,0,0,0
7.824046010856292,3,1.0,6.856461984594587,0,0,0,0,0,0,0,0,0,Queens,0,1.1442503888020008,6.053926626902252,0,0,0,1,0,0,0,0,0,0,0,0
7.649692623711514,2,1.0,6.620073206530356,0,0,0,0,0,0,0,0,0,Queens,0,0.20427462445072778,4.39144551720872,1,0,1,0,0,0,0,0,0,0,0,0
7.762170607138205,1,1.0,6.551080335043404,0,1,1,0,0,0,0,0,1,Queens,1,0.05427777732183223,3.799086167470884,0,0,1,0,0,0,0,0,0,0,0,0
8.101677747454572,3,1.5,7.090076835776092,0,1,0,1,0,0,0,0,0,Queens,1,0.2911551508309207,3.2677063212487614,1,0,1,0,0,0,0,0,0,0,0,0
7.3777589082278725,0,1.0,6.214608098422191,1,1,0,1,0,0,1,1,1,Queens,1,0.7575252223659954,9.462688867670888,1,0,0,0,0,0,0,0,0,1,0,0
7.776954403322442,2,2.0,6.907755278982137,0,0,0,1,0,0,0,1,1,Queens,1,0.2504214988864153,6.969268829478967,0,0,0,0,1,0,0,0,0,0,0,0
7.673223121121708,1,1.0,6.551080335043404,0,1,0,0,0,0,0,0,0,Queens,0,0.3718838564969492,4.628819094343093,1,0,1,0,0,0,0,0,0,0,0,0
8.039157390473237,2,1.0,6.745236349484363,0,0,0,0,0,0,0,0,0,Queens,1,0.5881615643010683,4.187290030967821,0,0,1,0,0,0,0,0,0,0,0,0
7.590852123688581,1,1.0,6.802394763324311,0,0,0,0,0,0,0,0,0,Queens,0,2.5404639042701116,10.396124862089236,0,0,0,0,0,0,0,0,0,0,1,0
7.937374696163295,3,1.5,7.1308988302963465,0,0,0,0,0,0,0,0,0,Queens,0,2.5404639042701116,10.396124862089236,0,0,0,0,0,0,0,0,0,0,1,0
8.006367567650246,3,2.0,6.866933284461882,0,0,0,1,0,0,0,0,0,Queens,0,0.06019843478504885,5.80825771903304,0,0,0,0,1,0,0,0,0,0,0,0
8.101677747454572,4,2.0,6.907755278982137,0,0,0,1,0,0,0,0,0,Queens,0,0.06019843478504885,5.80825771903304,0,0,0,0,1,0,0,0,0,0,0,0
7.24422751560335,0,1.0,5.703782474656201,0,0,0,0,0,0,0,0,0,Queens,0,1.9686821444422482,12.99715325902622,0,0,0,0,0,0,0,1,0,0,0,0
7.546974117516527,1,1.0,6.499787040655854,0,0,0,0,0,0,0,0,0,Queens,0,0.5062219458921432,4.216962715374787,1,0,1,0,0,0,0,0,0,0,0,0
7.8632667240095735,3,1.5,7.090076835776092,0,0,0,1,0,0,0,0,0,Queens,1,1.480978444353829,9.823720108324018,0,0,0,0,0,0,0,0,0,0,1,0
7.649454500124248,1,1.0,6.56244409369372,0,0,0,0,0,0,0,0,0,Queens,0,0.43406075921939635,8.644588162776886,0,0,0,0,0,0,0,0,0,0,1,0
8.125483048540408,2,1.0,6.948897222313312,0,0,0,0,0,0,0,0,0,Queens,0,0.43406075921939635,8.644588162776886,0,0,0,0,0,0,0,0,0,0,1,0
7.503289630675082,0,1.0,6.298949246855942,0,0,0,0,0,0,0,0,0,Queens,0,0.43406075921939635,8.644588162776886,0,0,0,0,0,0,0,0,0,0,1,0
7.575584651557793,1,1.0,6.684611727667927,0,1,0,1,0,0,0,1,0,Queens,0,0.08786484332233425,5.072035170442208,1,0,0,1,0,0,0,0,0,0,0,0
7.313220387090301,1,1.0,6.396929655216146,0,0,0,0,0,0,0,0,0,Queens,0,1.1655429390348535,9.30281001276605,0,0,0,0,0,0,0,0,0,1,0,0
7.52294091807237,1,1.0,6.476972362889683,0,1,0,0,0,0,0,0,0,Queens,0,0.199071020670252,5.5602899215265955,1,0,0,0,1,0,0,0,0,0,0,0
8.00469951054955,1,1.0,6.396929655216146,0,1,0,0,0,0,0,0,0,Queens,1,0.09464898946626699,3.7627903455780323,1,0,1,0,0,0,0,0,0,0,0,0
7.7406644019172415,3,1.0,7.003065458786462,0,0,0,1,0,0,0,0,0,Queens,0,0.18475407111557665,9.070876998763206,0,0,0,0,0,0,0,0,0,1,0,0
7.524021415206125,0,1.0,6.1092475827643655,0,1,0,0,0,0,0,0,0,Queens,0,0.02232597825893201,4.001329047812127,1,0,1,0,0,0,0,0,0,0,0,0
7.762170607138205,0,1.0,6.1092475827643655,0,1,0,0,0,0,0,0,0,Queens,0,0.02232597825893201,4.001329047812127,1,0,1,0,0,0,0,0,0,0,0,0
7.696212639346407,1,1.0,6.476972362889683,0,1,0,0,0,0,0,0,0,Queens,1,0.27057233443201273,4.402584303203389,1,0,1,0,0,0,0,0,0,0,0,0
7.438383530044307,1,1.0,6.684611727667927,0,0,0,0,0,0,0,1,0,Queens,0,0.6199768455721374,8.874944799090851,0,0,0,0,0,0,0,0,0,0,1,0
7.696212639346407,2,1.5,6.907755278982137,0,0,0,0,0,0,0,1,0,Queens,0,0.6199768455721374,8.874944799090851,0,0,0,0,0,0,0,0,0,0,1,0
7.600902459542082,1,1.0,6.684611727667927,0,0,0,1,0,0,0,1,0,Queens,0,0.15680331506709297,5.567583131841181,0,0,0,0,1,0,0,0,0,0,0,0
7.408530566894626,1,1.0,6.396929655216146,0,0,0,1,0,0,0,1,0,Queens,1,0.4176523820816966,8.610827992530835,0,0,0,0,0,0,0,0,0,1,0,0
7.90100705199242,3,1.0,7.3777589082278725,0,0,0,0,0,0,0,0,0,Queens,0,1.786851740397594,12.72978652747945,0,0,0,0,0,0,0,1,0,0,0,0
7.824046010856292,2,2.0,7.090076835776092,1,0,1,0,0,0,0,0,0,Queens,1,0.1566157830275823,8.075541993436952,0,0,0,0,0,0,0,0,0,1,0,0
7.843848638152472,2,1.0,7.047517221357296,0,1,1,0,0,0,0,1,1,Queens,1,0.04569621561736915,6.8105252122951665,0,0,0,0,1,0,0,0,0,0,0,0
7.3777589082278725,1,1.0,6.476972362889683,0,0,0,0,0,0,0,0,0,Queens,0,0.5894303682651222,10.988148833618437,0,0,0,0,0,1,0,0,0,0,0,0
7.824046010856292,1,1.0,6.684611727667927,0,1,1,0,0,0,0,0,0,Queens,1,0.5534206439692895,3.5333054851019217,1,0,1,0,0,0,0,0,0,0,0,0
7.955074273262696,3,2.0,7.2078598714324755,0,0,0,0,0,0,0,0,0,Queens,0,1.2032127708310754,9.839536543861138,0,0,0,0,0,0,0,0,0,0,1,0
7.919356190660617,3,2.0,7.313220387090301,0,0,0,0,0,0,0,0,0,Queens,0,2.859007575296726,10.88931691862767,0,0,0,0,0,0,0,0,0,0,1,0
7.4673710669175595,1,1.0,6.396929655216146,0,0,0,0,0,0,0,0,0,Queens,0,0.3434309506299818,5.92188065751129,0,0,0,0,1,0,0,0,0,0,0,0
7.783224016336037,2,1.0,6.802394763324311,1,0,1,0,0,0,0,0,0,Queens,1,0.5625235849108877,8.574520845334094,0,0,0,0,0,0,0,0,0,0,1,0
7.2078598714324755,0,1.0,6.476972362889683,0,0,0,0,0,0,0,0,0,Queens,0,0.23361653760651374,6.510666006114847,0,0,0,0,1,0,0,0,0,0,0,0
7.824046010856292,3,1.0,6.907755278982137,0,0,0,0,0,0,0,0,0,Queens,0,0.6790900128478509,11.378006299836052,0,0,0,0,0,1,0,0,0,0,0,0
8.006367567650246,2,1.0,7.003065458786462,0,0,0,1,0,0,0,1,0,Queens,1,0.2114547391882286,5.343993928360743,0,0,0,1,0,0,0,0,0,0,0,0
7.824046010856292,3,1.0,7.003065458786462,0,0,0,0,0,0,0,0,0,Queens,0,0.5484591610719465,9.344169726913139,0,0,0,0,0,0,0,0,0,1,0,0
8.242756345714477,3,3.0,7.824046010856292,0,0,0,0,0,0,0,0,0,Queens,0,1.3826432267333892,10.188241252860958,0,0,0,0,0,0,0,0,0,0,1,0
8.006367567650246,3,2.0,7.1308988302963465,0,0,0,0,0,0,0,0,0,Queens,0,3.3337384819144495,13.262311946893737,0,0,0,0,0,1,0,0,0,0,0,0
7.313220387090301,0,1.0,6.214608098422191,0,0,0,0,0,0,0,0,0,Queens,0,0.3277907842302957,10.20076735631818,0,0,0,0,0,0,0,0,0,1,0,0
7.696212639346407,2,1.0,6.907755278982137,0,0,0,0,0,0,0,0,0,Queens,0,0.8669574743825832,5.633495028787987,0,0,0,0,1,0,0,0,0,0,0,0
8.263590432617319,3,3.0,7.313220387090301,0,0,0,0,0,0,0,0,0,Queens,0,0.26984433677037384,6.78941298402965,0,0,0,0,1,0,0,0,0,0,0,0
8.594154232552366,3,2.5,7.731930721948486,0,0,1,0,0,0,0,0,1,Queens,0,0.2754539963552868,8.191385179401417,0,0,0,0,0,0,0,0,0,1,0,0
8.006367567650246,3,1.5,7.003065458786462,0,0,0,0,0,0,0,0,0,Queens,0,0.30064915029802364,9.125841873138457,0,0,0,0,0,0,0,0,0,1,0,0
7.4673710669175595,1,1.0,6.551080335043404,0,0,0,0,0,0,1,0,0,Queens,0,1.6967079421942735,9.437681005712781,0,0,0,0,0,0,0,0,0,0,1,0
8.411832675758411,3,2.0,7.090076835776092,0,0,0,0,0,0,0,0,0,Queens,0,0.47209063835557746,4.234693800074258,1,0,1,0,0,0,0,0,0,0,0,0
8.476371196895983,3,2.0,7.600902459542082,0,1,1,0,0,0,0,0,1,Queens,0,0.1447060913009777,8.084748213081228,0,0,0,0,0,0,0,0,0,1,0,0
7.824046010856292,3,2.0,6.907755278982137,1,0,1,0,0,0,0,0,0,Queens,1,0.16655734527137464,10.63513397929206,0,0,0,0,0,0,0,0,0,1,0,0
7.718685495198466,2,1.0,7.090076835776092,1,0,1,0,0,0,0,0,0,Queens,1,4.041730278113093,14.441863931702871,0,0,0,0,0,1,0,0,0,0,0,0
8.006367567650246,3,2.0,7.116394144093465,0,0,0,0,0,0,0,0,0,Queens,0,0.19659189532969673,9.300356662500327,0,0,0,0,0,0,0,0,0,1,0,0
7.7406644019172415,2,2.0,6.856461984594587,0,0,0,0,0,0,0,0,0,Queens,0,0.546559333536192,9.793791954730414,0,0,0,0,0,0,0,0,0,1,0,0
7.696212639346407,2,2.0,6.907755278982137,0,0,0,0,0,0,0,0,0,Queens,0,0.5937746123380033,8.808738371305768,0,0,0,0,0,0,0,0,0,0,1,0
7.824046010856292,3,1.0,6.802394763324311,1,0,1,0,0,0,0,0,0,Queens,1,0.9725509699990323,5.123444323628169,0,0,0,1,0,0,0,0,0,0,0,0
7.696212639346407,2,1.0,6.745236349484363,1,0,1,0,0,0,0,0,0,Queens,1,0.1845378803341042,10.755095420846112,0,0,0,0,0,0,0,0,0,1,0,0
7.649692623711514,2,1.0,6.907755278982137,0,0,0,1,0,0,0,0,0,Queens,0,0.8875911568904277,6.710561544433802,0,0,0,0,1,0,0,0,0,0,0,0
7.803843303538772,2,1.0,6.802394763324311,0,0,1,0,0,0,0,0,0,Queens,0,0.4381715650159424,5.917142766104884,0,0,0,0,1,0,0,0,0,0,0,0
7.4673710669175595,1,1.0,6.476972362889683,0,0,0,1,0,0,0,1,1,Queens,0,0.14408404188297766,9.404542998944994,0,0,0,0,0,0,0,0,0,1,0,0
6.907755278982137,0,1.0,6.261491684321042,0,0,1,0,0,0,0,0,0,Queens,0,0.3316747988717096,3.4927260245494085,1,0,1,0,0,0,0,0,0,0,0,0
7.919356190660617,2,1.0,6.745236349484363,0,0,1,0,0,0,0,0,0,Queens,0,0.5183788600820953,4.483759107629258,0,0,1,0,0,0,0,0,0,0,0,0
7.495541943884256,2,1.0,6.802394763324311,1,0,1,0,0,0,0,0,0,Queens,1,0.9185831837175726,6.790339676748567,0,0,0,0,1,0,0,0,0,0,0,0
8.101677747454572,2,1.0,6.80128303447162,1,0,1,0,0,0,0,0,0,Queens,1,0.1575097948316339,3.537388636114396,0,0,1,0,0,0,0,0,0,0,0,0
7.718685495198466,2,1.0,6.907755278982137,0,0,0,0,0,0,0,0,0,Queens,0,0.466200151461634,10.143799562095044,0,0,0,0,0,0,0,0,0,1,0,0
7.882314918980268,3,2.0,5.703782474656201,0,1,0,0,0,0,0,0,0,Queens,0,3.7589639210808414,13.955890420197479,0,0,0,0,0,1,0,0,0,0,0,0
7.549609165154532,1,1.0,6.476972362889683,0,1,0,1,0,0,0,1,0,Queens,0,0.6557041661367738,8.450228454651844,1,0,0,0,0,0,0,0,0,0,1,0
7.7406644019172415,2,2.0,7.047517221357296,0,1,1,0,0,0,1,0,0,Queens,1,1.4988396430796853,7.462204918503197,1,0,0,0,0,0,0,0,0,0,1,0
7.900636613018005,2,1.0,6.907755278982137,0,0,0,0,0,0,0,0,0,Queens,0,0.2826767867627485,3.963943489684669,0,0,1,0,0,0,0,0,0,0,0,0
7.696212639346407,2,1.0,6.684611727667927,0,0,0,1,0,0,0,1,1,Queens,1,0.14408404188297766,9.404542998944994,0,0,0,0,0,0,0,0,0,1,0,0
8.006367567650246,3,1.0,6.907755278982137,0,0,0,0,0,0,0,0,0,Queens,1,0.12528681854075188,3.8049019097715875,1,0,1,0,0,0,0,0,0,0,0,0
7.843848638152472,4,2.0,8.273846932784508,1,0,1,0,0,0,0,0,0,Queens,1,0.7940594730851391,15.09402837397959,0,0,0,0,0,0,0,0,1,0,0,0
7.90100705199242,2,1.0,7.003065458786462,0,0,0,0,0,0,0,0,0,Queens,0,0.5373187431315366,4.277365844708541,0,0,1,0,0,0,0,0,0,0,0,0
7.495541943884256,1,1.0,6.721425700790643,0,0,0,1,0,0,0,1,0,Queens,0,1.5413720982976449,9.105726627288666,0,0,0,0,0,0,0,0,0,1,0,0
7.600902459542082,2,1.0,6.745236349484363,0,0,0,0,0,0,0,0,0,Queens,0,1.5416858946334697,12.563943843587822,0,0,0,0,0,0,0,1,0,0,0,0
7.696212639346407,2,1.0,6.476972362889683,0,1,0,1,0,0,0,1,0,Queens,0,0.6557041661367738,8.450228454651844,0,0,0,0,0,0,0,0,0,0,1,0
7.549609165154532,1,1.0,6.659293919683638,0,0,1,0,0,0,0,0,0,Queens,0,2.976840838207068,12.37997305900827,0,0,0,0,0,0,0,1,0,0,0,0
7.495541943884256,1,1.0,6.476972362889683,0,0,0,0,0,0,0,0,0,Queens,0,0.901906455773401,6.039828381093605,0,0,0,1,0,0,0,0,0,0,0,0
7.8632667240095735,2,2.0,7.025538314638521,0,0,0,0,0,0,0,0,0,Queens,0,0.3128715093518793,8.402108387742318,0,0,0,0,0,0,0,0,0,0,1,0
7.696212639346407,2,1.0,6.802394763324311,0,0,0,0,0,0,0,0,0,Queens,0,1.353790744994375,7.9648693790222955,0,0,0,1,0,0,0,0,0,0,0,0
7.549609165154532,1,1.0,6.684611727667927,0,0,0,0,0,0,0,0,0,Queens,0,0.2501056687271053,8.5912645942517,0,0,0,0,0,0,0,0,0,0,1,0
7.783224016336037,3,1.0,6.907755278982137,0,0,0,0,0,0,0,0,0,Queens,0,0.26228029168462824,10.31269495026293,0,0,0,0,0,0,0,0,0,1,0,0
7.495541943884256,1,1.0,6.476972362889683,0,0,0,0,0,0,0,0,0,Queens,1,0.28661699654443373,4.756482333178244,1,0,0,1,0,0,0,0,0,0,0,0
7.52294091807237,1,1.0,6.620073206530356,0,0,1,0,0,0,0,0,0,Queens,0,3.19644605456698,12.234264209526344,1,0,0,0,0,0,0,1,0,0,0,0
7.600902459542082,1,1.0,6.633318433280377,0,1,0,0,0,0,0,0,0,Queens,0,1.9441970769403327,10.287547410964414,0,0,0,0,0,0,0,0,0,0,1,0
7.629975707027789,1,1.0,6.684611727667927,1,0,1,0,0,0,0,0,0,Queens,1,0.11289050108638905,7.446773817107307,0,0,0,0,0,0,0,0,0,1,0,0
8.070906088787819,2,2.0,7.003065458786462,0,1,1,0,0,0,0,0,0,Queens,0,0.9979689843758505,4.933673428814945,1,0,0,0,1,0,0,0,0,0,0,0
7.937374696163295,2,1.0,6.684611727667927,0,0,0,0,0,0,0,1,0,Queens,1,0.39468709521253886,5.162924078257492,0,0,0,1,0,0,0,0,0,0,0,0
8.131530710604252,2,2.0,7.0192966537150445,0,0,0,0,0,0,0,0,0,Queens,0,0.24166410610749026,8.037897322781578,0,0,0,0,0,0,0,0,0,0,1,0
7.861341795599989,3,2.0,6.897704943128636,0,0,0,1,0,0,0,0,0,Queens,0,0.7973633484181338,7.74660903430945,1,0,0,0,0,0,0,0,0,1,0,0
7.495541943884256,1,1.0,6.551080335043404,0,0,0,0,0,0,0,0,0,Queens,0,0.9811096196242517,4.965420380025277,0,0,0,1,0,0,0,0,0,0,0,0
